date,close,dividend amount
2010-06-29,23.89,0.0
2010-06-30,23.83,0.0
2010-07-01,21.96,0.0
2010-07-02,19.2,0.0
2010-07-06,16.11,0.0
2010-07-07,15.8,0.0
2010-07-08,17.46,0.0
2010-07-09,17.4,0.0
2010-07-12,17.05,0.0
2010-07-13,18.14,0.0
2010-07-14,19.84,0.0
2010-07-15,19.89,0.0
2010-07-16,20.64,0.0
2010-07-19,21.91,0.0
2010-07-20,20.3,0.0
2010-07-21,20.22,0.0
2010-07-22,21.0,0.0
2010-07-23,21.29,0.0
2010-07-26,20.95,0.0
2010-07-27,20.55,0.0
2010-07-28,20.72,0.0
2010-07-29,20.35,0.0
2010-07-30,19.94,0.0
2010-08-02,20.92,0.0
2010-08-03,21.95,0.0
2010-08-04,21.26,0.0
2010-08-05,20.45,0.0
2010-08-06,19.59,0.0
2010-08-09,19.6,0.0
2010-08-10,19.03,0.0
2010-08-11,17.9,0.0
2010-08-12,17.6,0.0
2010-08-13,18.32,0.0
2010-08-16,18.78,0.0
2010-08-17,19.15,0.0
2010-08-18,18.77,0.0
2010-08-19,18.79,0.0
2010-08-20,19.1,0.0
2010-08-23,20.13,0.0
2010-08-24,19.2,0.0
2010-08-25,19.9,0.0
2010-08-26,19.75,0.0
2010-08-27,19.7,0.0
2010-08-30,19.87,0.0
2010-08-31,19.48,0.0
2010-09-01,20.45,0.0
2010-09-02,21.06,0.0
2010-09-03,21.05,0.0
2010-09-07,20.54,0.0
2010-09-08,20.9,0.0
2010-09-09,20.71,0.0
2010-09-10,20.17,0.0
2010-09-13,20.72,0.0
2010-09-14,21.12,0.0
2010-09-15,21.98,0.0
2010-09-16,20.94,0.0
2010-09-17,20.23,0.0
2010-09-20,21.055,0.0
2010-09-21,20.77,0.0
2010-09-22,19.87,0.0
2010-09-23,19.56,0.0
2010-09-24,20.1,0.0
2010-09-27,20.53,0.0
2010-09-28,21.4,0.0
2010-09-29,21.98,0.0
2010-09-30,20.405,0.0
2010-10-01,20.6,0.0
2010-10-04,20.99,0.0
2010-10-05,21.12,0.0
2010-10-06,20.46,0.0
2010-10-07,20.43,0.0
2010-10-08,20.43,0.0
2010-10-11,20.24,0.0
2010-10-12,20.24,0.0
2010-10-13,20.54,0.0
2010-10-14,20.75,0.0
2010-10-15,20.54,0.0
2010-10-18,20.23,0.0
2010-10-19,20.05,0.0
2010-10-20,20.65,0.0
2010-10-21,20.75,0.0
2010-10-22,20.72,0.0
2010-10-25,20.85,0.0
2010-10-26,21.36,0.0
2010-10-27,21.0,0.0
2010-10-28,21.19,0.0
2010-10-29,21.84,0.0
2010-11-01,21.41,0.0
2010-11-02,21.25,0.0
2010-11-03,21.77,0.0
2010-11-04,24.9,0.0
2010-11-05,24.44,0.0
2010-11-08,24.98,0.0
2010-11-09,24.63,0.0
2010-11-10,29.36,0.0
2010-11-11,28.035,0.0
2010-11-12,29.84,0.0
2010-11-15,30.8,0.0
2010-11-16,29.67,0.0
2010-11-17,29.49,0.0
2010-11-18,29.89,0.0
2010-11-19,30.99,0.0
2010-11-22,33.4,0.0
2010-11-23,34.57,0.0
2010-11-24,35.47,0.0
2010-11-26,35.32,0.0
2010-11-29,34.33,0.0
2010-11-30,35.33,0.0
2010-12-01,34.35,0.0
2010-12-02,32.35,0.0
2010-12-03,31.49,0.0
2010-12-06,30.31,0.0
2010-12-07,31.56,0.0
2010-12-08,32.37,0.0
2010-12-09,32.05,0.0
2010-12-10,31.52,0.0
2010-12-13,30.55,0.0
2010-12-14,28.53,0.0
2010-12-15,29.6,0.0
2010-12-16,30.81,0.0
2010-12-17,31.36,0.0
2010-12-20,31.7,0.0
2010-12-21,32.26,0.0
2010-12-22,32.63,0.0
2010-12-23,30.09,0.0
2010-12-27,25.549,0.0
2010-12-28,26.41,0.0
2010-12-29,27.73,0.0
2010-12-30,26.5,0.0
2010-12-31,26.63,0.0
2011-01-03,26.62,0.0
2011-01-04,26.67,0.0
2011-01-05,26.83,0.0
2011-01-06,27.88,0.0
2011-01-07,28.24,0.0
2011-01-10,28.45,0.0
2011-01-11,26.96,0.0
2011-01-12,26.96,0.0
2011-01-13,26.22,0.0
2011-01-14,25.75,0.0
2011-01-18,25.64,0.0
2011-01-19,24.03,0.0
2011-01-20,22.62,0.0
2011-01-21,23.04,0.0
2011-01-24,24.49,0.0
2011-01-25,24.68,0.0
2011-01-26,24.75,0.0
2011-01-27,24.92,0.0
2011-01-28,24.01,0.0
2011-01-31,24.1,0.0
2011-02-01,23.91,0.0
2011-02-02,23.94,0.0
2011-02-03,23.63,0.0
2011-02-04,23.46,0.0
2011-02-07,23.07,0.0
2011-02-08,24.49,0.0
2011-02-09,23.21,0.0
2011-02-10,23.215,0.0
2011-02-11,23.25,0.0
2011-02-14,23.08,0.0
2011-02-15,22.84,0.0
2011-02-16,24.73,0.0
2011-02-17,23.6,0.0
2011-02-18,23.18,0.0
2011-02-22,21.87,0.0
2011-02-23,21.83,0.0
2011-02-24,22.53,0.0
2011-02-25,23.61,0.0
2011-02-28,23.89,0.0
2011-03-01,23.94,0.0
2011-03-02,24.02,0.0
2011-03-03,24.36,0.0
2011-03-04,24.95,0.0
2011-03-07,24.94,0.0
2011-03-08,24.66,0.0
2011-03-09,24.72,0.0
2011-03-10,24.01,0.0
2011-03-11,24.07,0.0
2011-03-14,23.25,0.0
2011-03-15,22.95,0.0
2011-03-16,22.82,0.0
2011-03-17,22.81,0.0
2011-03-18,22.96,0.0
2011-03-21,22.73,0.0
2011-03-22,22.19,0.0
2011-03-23,22.21,0.0
2011-03-24,22.33,0.0
2011-03-25,22.75,0.0
2011-03-28,23.25,0.0
2011-03-29,23.92,0.0
2011-03-30,23.71,0.0
2011-03-31,27.75,0.0
2011-04-01,26.66,0.0
2011-04-04,25.83,0.0
2011-04-05,26.7,0.0
2011-04-06,26.49,0.0
2011-04-07,27.24,0.0
2011-04-08,26.49,0.0
2011-04-11,25.27,0.0
2011-04-12,24.65,0.0
2011-04-13,24.93,0.0
2011-04-14,25.14,0.0
2011-04-15,25.58,0.0
2011-04-18,25.03,0.0
2011-04-19,25.16,0.0
2011-04-20,25.75,0.0
2011-04-21,26.74,0.0
2011-04-25,26.39,0.0
2011-04-26,26.93,0.0
2011-04-27,27.08,0.0
2011-04-28,27.66,0.0
2011-04-29,27.6,0.0
2011-05-02,27.45,0.0
2011-05-03,26.87,0.0
2011-05-04,26.69,0.0
2011-05-05,26.44,0.0
2011-05-06,27.12,0.0
2011-05-09,27.91,0.0
2011-05-10,28.33,0.0
2011-05-11,27.07,0.0
2011-05-12,27.67,0.0
2011-05-13,27.55,0.0
2011-05-16,26.6,0.0
2011-05-17,25.96,0.0
2011-05-18,26.35,0.0
2011-05-19,28.2,0.0
2011-05-20,27.97,0.0
2011-05-23,26.82,0.0
2011-05-24,26.72,0.0
2011-05-25,28.98,0.0
2011-05-26,29.48,0.0
2011-05-27,29.55,0.0
2011-05-31,30.14,0.0
2011-06-01,28.517,0.0
2011-06-02,28.76,0.0
2011-06-03,30.13,0.0
2011-06-06,28.7,0.0
2011-06-07,28.37,0.0
2011-06-08,27.12,0.0
2011-06-09,27.62,0.0
2011-06-10,27.86,0.0
2011-06-13,28.43,0.0
2011-06-14,28.6,0.0
2011-06-15,27.32,0.0
2011-06-16,26.5,0.0
2011-06-17,26.5,0.0
2011-06-20,26.01,0.0
2011-06-21,27.53,0.0
2011-06-22,27.21,0.0
2011-06-23,27.71,0.0
2011-06-24,27.565,0.0
2011-06-27,27.46,0.0
2011-06-28,28.11,0.0
2011-06-29,28.29,0.0
2011-06-30,29.13,0.0
2011-07-01,29.02,0.0
2011-07-05,29.14,0.0
2011-07-06,28.96,0.0
2011-07-07,29.73,0.0
2011-07-08,28.81,0.0
2011-07-11,28.35,0.0
2011-07-12,28.17,0.0
2011-07-13,28.64,0.0
2011-07-14,27.61,0.0
2011-07-15,27.58,0.0
2011-07-18,27.23,0.0
2011-07-19,27.89,0.0
2011-07-20,28.69,0.0
2011-07-21,28.7,0.0
2011-07-22,29.29,0.0
2011-07-25,28.49,0.0
2011-07-26,28.0,0.0
2011-07-27,27.64,0.0
2011-07-28,28.17,0.0
2011-07-29,28.17,0.0
2011-08-01,28.77,0.0
2011-08-02,27.34,0.0
2011-08-03,27.2,0.0
2011-08-04,24.75,0.0
2011-08-05,24.24,0.0
2011-08-08,23.64,0.0
2011-08-09,25.06,0.0
2011-08-10,23.82,0.0
2011-08-11,25.3,0.0
2011-08-12,26.31,0.0
2011-08-15,26.23,0.0
2011-08-16,26.1,0.0
2011-08-17,25.83,0.0
2011-08-18,24.26,0.0
2011-08-19,22.3,0.0
2011-08-22,21.95,0.0
2011-08-23,22.96,0.0
2011-08-24,23.87,0.0
2011-08-25,23.11,0.0
2011-08-26,23.73,0.0
2011-08-29,24.71,0.0
2011-08-30,24.63,0.0
2011-08-31,24.74,0.0
2011-09-01,24.0,0.0
2011-09-02,23.07,0.0
2011-09-06,22.94,0.0
2011-09-07,23.84,0.0
2011-09-08,23.61,0.0
2011-09-09,22.97,0.0
2011-09-12,22.88,0.0
2011-09-13,24.08,0.0
2011-09-14,24.34,0.0
2011-09-15,24.82,0.0
2011-09-16,25.8,0.0
2011-09-19,25.77,0.0
2011-09-20,26.01,0.0
2011-09-21,25.85,0.0
2011-09-22,25.63,0.0
2011-09-23,26.38,0.0
2011-09-26,25.52,0.0
2011-09-27,26.19,0.0
2011-09-28,24.59,0.0
2011-09-29,24.12,0.0
2011-09-30,24.39,0.0
2011-10-03,23.73,0.0
2011-10-04,23.66,0.0
2011-10-05,25.37,0.0
2011-10-06,26.96,0.0
2011-10-07,26.99,0.0
2011-10-10,27.88,0.0
2011-10-11,27.61,0.0
2011-10-12,27.8,0.0
2011-10-13,27.94,0.0
2011-10-14,28.05,0.0
2011-10-17,27.42,0.0
2011-10-18,28.34,0.0
2011-10-19,27.57,0.0
2011-10-20,27.34,0.0
2011-10-21,28.03,0.0
2011-10-24,28.55,0.0
2011-10-25,28.25,0.0
2011-10-26,27.98,0.0
2011-10-27,28.76,0.0
2011-10-28,29.87,0.0
2011-10-31,29.37,0.0
2011-11-01,28.88,0.0
2011-11-02,28.71,0.0
2011-11-03,32.46,0.0
2011-11-04,32.31,0.0
2011-11-07,31.27,0.0
2011-11-08,31.84,0.0
2011-11-09,30.88,0.0
2011-11-10,31.33,0.0
2011-11-11,33.64,0.0
2011-11-14,33.22,0.0
2011-11-15,33.93,0.0
2011-11-16,34.94,0.0
2011-11-17,33.68,0.0
2011-11-18,32.6,0.0
2011-11-21,31.76,0.0
2011-11-22,32.07,0.0
2011-11-23,31.45,0.0
2011-11-25,31.66,0.0
2011-11-28,32.56,0.0
2011-11-29,31.75,0.0
2011-11-30,32.74,0.0
2011-12-01,32.6,0.0
2011-12-02,33.3,0.0
2011-12-05,34.42,0.0
2011-12-06,34.87,0.0
2011-12-07,34.19,0.0
2011-12-08,30.89,0.0
2011-12-09,31.04,0.0
2011-12-12,30.41,0.0
2011-12-13,29.45,0.0
2011-12-14,28.53,0.0
2011-12-15,28.62,0.0
2011-12-16,28.0,0.0
2011-12-19,27.75,0.0
2011-12-20,27.9,0.0
2011-12-21,27.57,0.0
2011-12-22,27.77,0.0
2011-12-23,27.9,0.0
2011-12-27,28.57,0.0
2011-12-28,28.51,0.0
2011-12-29,28.73,0.0
2011-12-30,28.56,0.0
2012-01-03,28.08,0.0
2012-01-04,27.71,0.0
2012-01-05,27.12,0.0
2012-01-06,26.91,0.0
2012-01-09,27.25,0.0
2012-01-10,27.62,0.0
2012-01-11,28.23,0.0
2012-01-12,28.25,0.0
2012-01-13,22.79,0.0
2012-01-17,26.6,0.0
2012-01-18,26.81,0.0
2012-01-19,26.76,0.0
2012-01-20,26.6,0.0
2012-01-23,26.77,0.0
2012-01-24,27.42,0.0
2012-01-25,27.97,0.0
2012-01-26,28.94,0.0
2012-01-27,29.33,0.0
2012-01-30,29.57,0.0
2012-01-31,29.07,0.0
2012-02-01,29.58,0.0
2012-02-02,30.25,0.0
2012-02-03,31.15,0.0
2012-02-06,31.8,0.0
2012-02-07,31.6,0.0
2012-02-08,31.93,0.0
2012-02-09,32.58,0.0
2012-02-10,31.1,0.0
2012-02-13,31.49,0.0
2012-02-14,33.17,0.0
2012-02-15,33.6,0.0
2012-02-16,34.18,0.0
2012-02-17,34.97,0.0
2012-02-21,34.5,0.0
2012-02-22,34.22,0.0
2012-02-23,34.53,0.0
2012-02-24,33.75,0.0
2012-02-27,33.62,0.0
2012-02-28,33.81,0.0
2012-02-29,33.41,0.0
2012-03-01,34.41,0.0
2012-03-02,34.04,0.0
2012-03-05,33.77,0.0
2012-03-06,33.11,0.0
2012-03-07,33.12,0.0
2012-03-08,33.07,0.0
2012-03-09,34.74,0.0
2012-03-12,36.01,0.0
2012-03-13,36.09,0.0
2012-03-14,35.29,0.0
2012-03-15,35.0,0.0
2012-03-16,35.32,0.0
2012-03-19,34.98,0.0
2012-03-20,34.96,0.0
2012-03-21,35.15,0.0
2012-03-22,34.4,0.0
2012-03-23,34.08,0.0
2012-03-26,37.4,0.0
2012-03-27,37.94,0.0
2012-03-28,37.85,0.0
2012-03-29,37.33,0.0
2012-03-30,37.24,0.0
2012-04-02,36.58,0.0
2012-04-03,38.01,0.0
2012-04-04,35.0,0.0
2012-04-05,34.48,0.0
2012-04-09,33.15,0.0
2012-04-10,32.46,0.0
2012-04-11,33.09,0.0
2012-04-12,33.44,0.0
2012-04-13,33.59,0.0
2012-04-16,32.25,0.0
2012-04-17,32.24,0.0
2012-04-18,32.66,0.0
2012-04-19,33.16,0.0
2012-04-20,33.16,0.0
2012-04-23,31.94,0.0
2012-04-24,31.82,0.0
2012-04-25,32.91,0.0
2012-04-26,33.49,0.0
2012-04-27,33.34,0.0
2012-04-30,33.13,0.0
2012-05-01,33.78,0.0
2012-05-02,33.94,0.0
2012-05-03,32.46,0.0
2012-05-04,31.83,0.0
2012-05-07,32.47,0.0
2012-05-08,30.19,0.0
2012-05-09,30.06,0.0
2012-05-10,32.96,0.0
2012-05-11,32.25,0.0
2012-05-14,30.06,0.0
2012-05-15,29.43,0.0
2012-05-16,29.18,0.0
2012-05-17,28.57,0.0
2012-05-18,27.56,0.0
2012-05-21,28.77,0.0
2012-05-22,30.79,0.0
2012-05-23,31.02,0.0
2012-05-24,30.32,0.0
2012-05-25,29.81,0.0
2012-05-29,31.69,0.0
2012-05-30,30.41,0.0
2012-05-31,29.5,0.0
2012-06-01,28.15,0.0
2012-06-04,27.88,0.0
2012-06-05,27.91,0.0
2012-06-06,29.22,0.0
2012-06-07,28.93,0.0
2012-06-08,30.08,0.0
2012-06-11,29.12,0.0
2012-06-12,29.66,0.0
2012-06-13,29.77,0.0
2012-06-14,29.39,0.0
2012-06-15,29.91,0.0
2012-06-18,31.84,0.0
2012-06-19,32.09,0.0
2012-06-20,33.78,0.0
2012-06-21,32.19,0.0
2012-06-22,33.785,0.0
2012-06-25,33.11,0.0
2012-06-26,31.61,0.0
2012-06-27,31.96,0.0
2012-06-28,31.41,0.0
2012-06-29,31.29,0.0
2012-07-02,30.4,0.0
2012-07-03,30.66,0.0
2012-07-05,31.23,0.0
2012-07-06,30.99,0.0
2012-07-09,31.49,0.0
2012-07-10,31.27,0.0
2012-07-11,31.51,0.0
2012-07-12,32.7,0.0
2012-07-13,34.25,0.0
2012-07-16,35.96,0.0
2012-07-17,33.35,0.0
2012-07-18,32.15,0.0
2012-07-19,32.27,0.0
2012-07-20,31.79,0.0
2012-07-23,30.66,0.0
2012-07-24,29.84,0.0
2012-07-25,28.95,0.0
2012-07-26,28.13,0.0
2012-07-27,29.51,0.0
2012-07-30,27.35,0.0
2012-07-31,27.42,0.0
2012-08-01,26.25,0.0
2012-08-02,26.1,0.0
2012-08-03,27.27,0.0
2012-08-06,28.27,0.0
2012-08-07,30.25,0.0
2012-08-08,29.09,0.0
2012-08-09,29.41,0.0
2012-08-10,29.94,0.0
2012-08-13,31.17,0.0
2012-08-14,29.42,0.0
2012-08-15,29.4,0.0
2012-08-16,30.3,0.0
2012-08-17,30.01,0.0
2012-08-20,29.51,0.0
2012-08-21,29.11,0.0
2012-08-22,29.95,0.0
2012-08-23,30.73,0.0
2012-08-24,29.5,0.0
2012-08-27,28.32,0.0
2012-08-28,28.69,0.0
2012-08-29,28.41,0.0
2012-08-30,28.41,0.0
2012-08-31,28.52,0.0
2012-09-04,28.14,0.0
2012-09-05,27.94,0.0
2012-09-06,28.55,0.0
2012-09-07,29.35,0.0
2012-09-10,27.37,0.0
2012-09-11,27.8,0.0
2012-09-12,28.28,0.0
2012-09-13,29.48,0.0
2012-09-14,30.39,0.0
2012-09-17,32.54,0.0
2012-09-18,31.34,0.0
2012-09-19,31.05,0.0
2012-09-20,30.9,0.0
2012-09-21,30.02,0.0
2012-09-24,30.66,0.0
2012-09-25,27.66,0.0
2012-09-26,27.54,0.0
2012-09-27,28.49,0.0
2012-09-28,29.28,0.0
2012-10-01,29.16,0.0
2012-10-02,29.8,0.0
2012-10-03,29.3,0.0
2012-10-04,29.4,0.0
2012-10-05,28.89,0.0
2012-10-08,29.25,0.0
2012-10-09,28.37,0.0
2012-10-10,28.4,0.0
2012-10-11,28.32,0.0
2012-10-12,27.64,0.0
2012-10-15,27.33,0.0
2012-10-16,28.06,0.0
2012-10-17,28.819,0.0
2012-10-18,28.04,0.0
2012-10-19,27.74,0.0
2012-10-22,27.85,0.0
2012-10-23,28.39,0.0
2012-10-24,27.42,0.0
2012-10-25,27.52,0.0
2012-10-26,27.38,0.0
2012-10-31,28.131,0.0
2012-11-01,29.245,0.0
2012-11-02,28.918,0.0
2012-11-05,31.5,0.0
2012-11-06,31.15,0.0
2012-11-07,31.54,0.0
2012-11-08,31.31,0.0
2012-11-09,30.32,0.0
2012-11-12,31.07,0.0
2012-11-13,31.614,0.0
2012-11-14,31.38,0.0
2012-11-15,30.82,0.0
2012-11-16,31.84,0.0
2012-11-19,32.92,0.0
2012-11-20,33.0,0.0
2012-11-21,32.47,0.0
2012-11-23,32.13,0.0
2012-11-26,32.27,0.0
2012-11-27,32.15,0.0
2012-11-28,33.23,0.0
2012-11-29,33.69,0.0
2012-11-30,33.82,0.0
2012-12-03,34.62,0.0
2012-12-04,33.9,0.0
2012-12-05,33.71,0.0
2012-12-06,33.9,0.0
2012-12-07,34.17,0.0
2012-12-10,34.57,0.0
2012-12-11,35.28,0.0
2012-12-12,35.26,0.0
2012-12-13,33.61,0.0
2012-12-14,33.81,0.0
2012-12-17,34.4,0.0
2012-12-18,34.59,0.0
2012-12-19,34.61,0.0
2012-12-20,34.43,0.0
2012-12-21,34.0,0.0
2012-12-24,34.28,0.0
2012-12-26,33.59,0.0
2012-12-27,33.69,0.0
2012-12-28,33.22,0.0
2012-12-31,33.87,0.0
2013-01-02,35.36,0.0
2013-01-03,34.77,0.0
2013-01-04,34.4,0.0
2013-01-07,34.34,0.0
2013-01-08,33.68,0.0
2013-01-09,33.64,0.0
2013-01-10,33.53,0.0
2013-01-11,32.91,0.0
2013-01-14,33.26,0.0
2013-01-15,33.9,0.0
2013-01-16,34.1,0.0
2013-01-17,34.38,0.0
2013-01-18,34.52,0.0
2013-01-22,35.19,0.0
2013-01-23,36.0,0.0
2013-01-24,36.99,0.0
2013-01-25,36.98,0.0
2013-01-28,38.03,0.0
2013-01-29,37.95,0.0
2013-01-30,37.52,0.0
2013-01-31,37.51,0.0
2013-02-01,38.3,0.0
2013-02-04,37.74,0.0
2013-02-05,38.13,0.0
2013-02-06,39.17,0.0
2013-02-07,39.48,0.0
2013-02-08,39.24,0.0
2013-02-11,38.42,0.0
2013-02-12,37.89,0.0
2013-02-13,38.45,0.0
2013-02-14,38.3,0.0
2013-02-15,37.04,0.0
2013-02-19,39.28,0.0
2013-02-20,38.54,0.0
2013-02-21,35.16,0.0
2013-02-22,36.11,0.0
2013-02-25,34.38,0.0
2013-02-26,34.43,0.0
2013-02-27,35.1,0.0
2013-02-28,34.83,0.0
2013-03-01,34.65,0.0
2013-03-04,35.58,0.0
2013-03-05,36.65,0.0
2013-03-06,37.69,0.0
2013-03-07,38.23,0.0
2013-03-08,38.47,0.0
2013-03-11,39.1,0.0
2013-03-12,39.12,0.0
2013-03-13,38.98,0.0
2013-03-14,36.85,0.0
2013-03-15,35.29,0.0
2013-03-18,35.15,0.0
2013-03-19,35.08,0.0
2013-03-20,35.95,0.0
2013-03-21,36.01,0.0
2013-03-22,36.62,0.0
2013-03-25,37.53,0.0
2013-03-26,37.86,0.0
2013-03-27,38.16,0.0
2013-03-28,37.89,0.0
2013-04-01,43.93,0.0
2013-04-02,44.34,0.0
2013-04-03,41.1,0.0
2013-04-04,42.01,0.0
2013-04-05,41.37,0.0
2013-04-08,41.83,0.0
2013-04-09,40.5,0.0
2013-04-10,41.86,0.0
2013-04-11,43.59,0.0
2013-04-12,43.75,0.0
2013-04-15,43.3,0.0
2013-04-16,45.59,0.0
2013-04-17,45.45,0.0
2013-04-18,46.97,0.0
2013-04-19,47.83,0.0
2013-04-22,50.19,0.0
2013-04-23,51.01,0.0
2013-04-24,50.43,0.0
2013-04-25,52.0,0.0
2013-04-26,51.2,0.0
2013-04-29,54.94,0.0
2013-04-30,53.99,0.0
2013-05-01,53.28,0.0
2013-05-02,54.11,0.0
2013-05-03,54.55,0.0
2013-05-06,59.5,0.0
2013-05-07,55.51,0.0
2013-05-08,55.786,0.0
2013-05-09,69.4,0.0
2013-05-10,76.764,0.0
2013-05-13,87.8,0.0
2013-05-14,83.24,0.0
2013-05-15,84.842,0.0
2013-05-16,92.248,0.0
2013-05-17,91.5,0.0
2013-05-20,89.94,0.0
2013-05-21,87.59,0.0
2013-05-22,87.24,0.0
2013-05-23,92.73,0.0
2013-05-24,97.08,0.0
2013-05-28,110.334,0.0
2013-05-29,104.629,0.0
2013-05-30,104.95,0.0
2013-05-31,97.76,0.0
2013-06-03,92.59,0.0
2013-06-04,94.84,0.0
2013-06-05,95.37,0.0
2013-06-06,97.35,0.0
2013-06-07,102.04,0.0
2013-06-10,100.05,0.0
2013-06-11,94.47,0.0
2013-06-12,97.73,0.0
2013-06-13,98.18,0.0
2013-06-14,100.3,0.0
2013-06-17,102.2,0.0
2013-06-18,103.39,0.0
2013-06-19,104.68,0.0
2013-06-20,100.65,0.0
2013-06-21,99.55,0.0
2013-06-24,101.49,0.0
2013-06-25,102.4,0.0
2013-06-26,105.72,0.0
2013-06-27,109.25,0.0
2013-06-28,107.36,0.0
2013-07-01,117.179,0.0
2013-07-02,117.82,0.0
2013-07-03,115.24,0.0
2013-07-05,120.09,0.0
2013-07-08,121.61,0.0
2013-07-09,123.45,0.0
2013-07-10,122.27,0.0
2013-07-11,125.61,0.0
2013-07-12,129.9,0.0
2013-07-15,127.26,0.0
2013-07-16,109.05,0.0
2013-07-17,120.25,0.0
2013-07-18,119.03,0.0
2013-07-19,119.68,0.0
2013-07-22,122.43,0.0
2013-07-23,122.74,0.0
2013-07-24,121.7,0.0
2013-07-25,124.07,0.0
2013-07-26,129.39,0.0
2013-07-29,134.62,0.0
2013-07-30,131.74,0.0
2013-07-31,134.28,0.0
2013-08-01,135.55,0.0
2013-08-02,138.0,0.0
2013-08-05,144.68,0.0
2013-08-06,142.15,0.0
2013-08-07,134.23,0.0
2013-08-08,153.48,0.0
2013-08-09,153.0,0.0
2013-08-12,147.38,0.0
2013-08-13,145.43,0.0
2013-08-14,139.36,0.0
2013-08-15,139.67,0.0
2013-08-16,142.0,0.0
2013-08-19,144.9,0.0
2013-08-20,149.58,0.0
2013-08-21,147.86,0.0
2013-08-22,157.1,0.0
2013-08-23,161.839,0.0
2013-08-26,164.22,0.0
2013-08-27,167.01,0.0
2013-08-28,166.45,0.0
2013-08-29,166.06,0.0
2013-08-30,169.0,0.0
2013-09-03,168.94,0.0
2013-09-04,170.622,0.0
2013-09-05,169.93,0.0
2013-09-06,166.97,0.0
2013-09-09,160.7,0.0
2013-09-10,166.37,0.0
2013-09-11,163.52,0.0
2013-09-12,164.93,0.0
2013-09-13,165.54,0.0
2013-09-16,166.58,0.0
2013-09-17,166.23,0.0
2013-09-18,166.218,0.0
2013-09-19,177.92,0.0
2013-09-20,183.39,0.0
2013-09-23,181.11,0.0
2013-09-24,182.33,0.0
2013-09-25,185.238,0.0
2013-09-26,188.64,0.0
2013-09-27,190.9,0.0
2013-09-30,193.37,0.0
2013-10-01,193.0,0.0
2013-10-02,180.95,0.0
2013-10-03,173.31,0.0
2013-10-04,180.98,0.0
2013-10-07,183.07,0.0
2013-10-08,174.73,0.0
2013-10-09,168.78,0.0
2013-10-10,172.93,0.0
2013-10-11,178.7,0.0
2013-10-14,179.72,0.0
2013-10-15,183.94,0.0
2013-10-16,183.56,0.0
2013-10-17,182.802,0.0
2013-10-18,183.4,0.0
2013-10-21,172.6,0.0
2013-10-22,171.54,0.0
2013-10-23,164.5,0.0
2013-10-24,173.15,0.0
2013-10-25,169.66,0.0
2013-10-28,162.86,0.0
2013-10-29,164.47,0.0
2013-10-30,159.22,0.0
2013-10-31,159.94,0.0
2013-11-01,162.17,0.0
2013-11-04,175.2,0.0
2013-11-05,176.81,0.0
2013-11-06,151.16,0.0
2013-11-07,139.772,0.0
2013-11-08,137.95,0.0
2013-11-11,144.698,0.0
2013-11-12,137.8,0.0
2013-11-13,138.7,0.0
2013-11-14,137.6,0.0
2013-11-15,135.45,0.0
2013-11-18,121.58,0.0
2013-11-19,126.09,0.0
2013-11-20,121.11,0.0
2013-11-21,122.1,0.0
2013-11-22,121.38,0.0
2013-11-25,120.84,0.0
2013-11-26,120.5,0.0
2013-11-27,126.94,0.0
2013-11-29,127.28,0.0
2013-12-02,124.17,0.0
2013-12-03,144.7,0.0
2013-12-04,138.95,0.0
2013-12-05,140.48,0.0
2013-12-06,137.36,0.0
2013-12-09,141.6,0.0
2013-12-10,142.19,0.0
2013-12-11,139.65,0.0
2013-12-12,147.47,0.0
2013-12-13,147.654,0.0
2013-12-16,147.94,0.0
2013-12-17,152.46,0.0
2013-12-18,147.98,0.0
2013-12-19,140.72,0.0
2013-12-20,143.24,0.0
2013-12-23,143.55,0.0
2013-12-24,151.41,0.0
2013-12-26,155.5,0.0
2013-12-27,151.12,0.0
2013-12-30,152.44,0.0
2013-12-31,150.429,0.0
2014-01-02,150.1,0.0
2014-01-03,149.56,0.0
2014-01-06,147.0,0.0
2014-01-07,149.36,0.0
2014-01-08,151.28,0.0
2014-01-09,147.53,0.0
2014-01-10,145.72,0.0
2014-01-13,139.34,0.0
2014-01-14,161.27,0.0
2014-01-15,164.13,0.0
2014-01-16,170.97,0.0
2014-01-17,170.01,0.0
2014-01-21,176.68,0.0
2014-01-22,178.56,0.0
2014-01-23,181.5,0.0
2014-01-24,174.6,0.0
2014-01-27,169.62,0.0
2014-01-28,178.38,0.0
2014-01-29,175.23,0.0
2014-01-30,182.84,0.0
2014-01-31,181.41,0.0
2014-02-03,177.11,0.0
2014-02-04,178.73,0.0
2014-02-05,174.42,0.0
2014-02-06,178.38,0.0
2014-02-07,186.53,0.0
2014-02-10,196.56,0.0
2014-02-11,196.62,0.0
2014-02-12,195.32,0.0
2014-02-13,199.63,0.0
2014-02-14,198.23,0.0
2014-02-18,203.7,0.0
2014-02-19,193.64,0.0
2014-02-20,209.97,0.0
2014-02-21,209.6,0.0
2014-02-24,217.65,0.0
2014-02-25,248.0,0.0
2014-02-26,253.0,0.0
2014-02-27,252.54,0.0
2014-02-28,244.81,0.0
2014-03-03,250.56,0.0
2014-03-04,254.84,0.0
2014-03-05,252.66,0.0
2014-03-06,252.94,0.0
2014-03-07,246.21,0.0
2014-03-10,238.84,0.0
2014-03-11,234.41,0.0
2014-03-12,241.49,0.0
2014-03-13,237.79,0.0
2014-03-14,230.97,0.0
2014-03-17,233.98,0.0
2014-03-18,240.04,0.0
2014-03-19,235.84,0.0
2014-03-20,234.91,0.0
2014-03-21,228.89,0.0
2014-03-24,220.17,0.0
2014-03-25,220.44,0.0
2014-03-26,212.96,0.0
2014-03-27,207.32,0.0
2014-03-28,212.37,0.0
2014-03-31,208.45,0.0
2014-04-01,216.97,0.0
2014-04-02,230.29,0.0
2014-04-03,225.4,0.0
2014-04-04,212.225,0.0
2014-04-07,207.52,0.0
2014-04-08,215.46,0.0
2014-04-09,216.93,0.0
2014-04-10,204.19,0.0
2014-04-11,203.78,0.0
2014-04-14,198.09,0.0
2014-04-15,193.91,0.0
2014-04-16,199.11,0.0
2014-04-17,198.12,0.0
2014-04-21,204.38,0.0
2014-04-22,218.64,0.0
2014-04-23,207.99,0.0
2014-04-24,207.86,0.0
2014-04-25,199.85,0.0
2014-04-28,198.51,0.0
2014-04-29,206.92,0.0
2014-04-30,207.89,0.0
2014-05-01,207.73,0.0
2014-05-02,210.91,0.0
2014-05-05,216.61,0.0
2014-05-06,207.28,0.0
2014-05-07,201.35,0.0
2014-05-08,178.59,0.0
2014-05-09,182.26,0.0
2014-05-12,184.67,0.0
2014-05-13,190.16,0.0
2014-05-14,190.62,0.0
2014-05-15,188.59,0.0
2014-05-16,191.56,0.0
2014-05-19,196.09,0.0
2014-05-20,195.3,0.0
2014-05-21,199.45,0.0
2014-05-22,204.88,0.0
2014-05-23,207.3,0.0
2014-05-27,211.56,0.0
2014-05-28,210.24,0.0
2014-05-29,210.24,0.0
2014-05-30,207.77,0.0
2014-06-02,204.7,0.0
2014-06-03,204.94,0.0
2014-06-04,203.99,0.0
2014-06-05,206.9,0.0
2014-06-06,208.171,0.0
2014-06-09,205.31,0.0
2014-06-10,202.3,0.0
2014-06-11,204.47,0.0
2014-06-12,203.52,0.0
2014-06-13,206.42,0.0
2014-06-16,224.61,0.0
2014-06-17,231.67,0.0
2014-06-18,227.12,0.0
2014-06-19,227.79,0.0
2014-06-20,229.59,0.0
2014-06-23,237.22,0.0
2014-06-24,232.5,0.0
2014-06-25,236.891,0.0
2014-06-26,235.6,0.0
2014-06-27,239.06,0.0
2014-06-30,240.06,0.0
2014-07-01,239.72,0.0
2014-07-02,229.425,0.0
2014-07-03,229.25,0.0
2014-07-07,222.66,0.0
2014-07-08,219.07,0.0
2014-07-09,223.06,0.0
2014-07-10,219.46,0.0
2014-07-11,218.13,0.0
2014-07-14,226.7,0.0
2014-07-15,219.58,0.0
2014-07-16,217.16,0.0
2014-07-17,215.4,0.0
2014-07-18,220.02,0.0
2014-07-21,220.54,0.0
2014-07-22,219.58,0.0
2014-07-23,222.49,0.0
2014-07-24,223.54,0.0
2014-07-25,223.57,0.0
2014-07-28,224.82,0.0
2014-07-29,225.01,0.0
2014-07-30,228.92,0.0
2014-07-31,223.3,0.0
2014-08-01,233.27,0.0
2014-08-04,238.52,0.0
2014-08-05,238.49,0.0
2014-08-06,248.93,0.0
2014-08-07,252.39,0.0
2014-08-08,248.13,0.0
2014-08-11,259.32,0.0
2014-08-12,259.96,0.0
2014-08-13,260.31,0.0
2014-08-14,261.38,0.0
2014-08-15,262.01,0.0
2014-08-18,259.94,0.0
2014-08-19,256.76,0.0
2014-08-20,255.71,0.0
2014-08-21,254.34,0.0
2014-08-22,256.78,0.0
2014-08-25,262.55,0.0
2014-08-26,261.74,0.0
2014-08-27,263.25,0.0
2014-08-28,263.86,0.0
2014-08-29,269.7,0.0
2014-09-02,284.12,0.0
2014-09-03,281.19,0.0
2014-09-04,286.04,0.0
2014-09-05,277.39,0.0
2014-09-08,282.11,0.0
2014-09-09,278.48,0.0
2014-09-10,281.1,0.0
2014-09-11,280.31,0.0
2014-09-12,279.2,0.0
2014-09-15,253.86,0.0
2014-09-16,260.74,0.0
2014-09-17,261.38,0.0
2014-09-18,263.82,0.0
2014-09-19,259.32,0.0
2014-09-22,250.03,0.0
2014-09-23,250.41,0.0
2014-09-24,252.14,0.0
2014-09-25,246.95,0.0
2014-09-26,246.6,0.0
2014-09-29,245.26,0.0
2014-09-30,242.68,0.0
2014-10-01,240.24,0.0
2014-10-02,251.42,0.0
2014-10-03,255.21,0.0
2014-10-06,260.62,0.0
2014-10-07,259.57,0.0
2014-10-08,259.28,0.0
2014-10-09,257.01,0.0
2014-10-10,236.91,0.0
2014-10-13,224.59,0.0
2014-10-14,227.06,0.0
2014-10-15,229.7,0.0
2014-10-16,226.35,0.0
2014-10-17,227.48,0.0
2014-10-20,230.47,0.0
2014-10-21,235.34,0.0
2014-10-22,231.1,0.0
2014-10-23,235.29,0.0
2014-10-24,235.24,0.0
2014-10-27,221.67,0.0
2014-10-28,242.77,0.0
2014-10-29,238.1,0.0
2014-10-30,238.66,0.0
2014-10-31,241.7,0.0
2014-11-03,242.59,0.0
2014-11-04,238.93,0.0
2014-11-05,230.97,0.0
2014-11-06,241.22,0.0
2014-11-07,240.2,0.0
2014-11-10,241.93,0.0
2014-11-11,251.08,0.0
2014-11-12,249.1,0.0
2014-11-13,251.7,0.0
2014-11-14,258.68,0.0
2014-11-17,253.98,0.0
2014-11-18,257.7,0.0
2014-11-19,247.74,0.0
2014-11-20,248.71,0.0
2014-11-21,242.78,0.0
2014-11-24,246.72,0.0
2014-11-25,248.09,0.0
2014-11-26,248.44,0.0
2014-11-28,244.52,0.0
2014-12-01,231.64,0.0
2014-12-02,231.43,0.0
2014-12-03,229.3,0.0
2014-12-04,228.28,0.0
2014-12-05,223.71,0.0
2014-12-08,214.36,0.0
2014-12-09,216.89,0.0
2014-12-10,209.84,0.0
2014-12-11,208.88,0.0
2014-12-12,207.0,0.0
2014-12-15,204.04,0.0
2014-12-16,197.81,0.0
2014-12-17,205.82,0.0
2014-12-18,218.26,0.0
2014-12-19,219.29,0.0
2014-12-22,222.6,0.0
2014-12-23,220.97,0.0
2014-12-24,222.26,0.0
2014-12-26,227.82,0.0
2014-12-29,225.71,0.0
2014-12-30,222.23,0.0
2014-12-31,222.41,0.0
2015-01-02,219.31,0.0
2015-01-05,210.09,0.0
2015-01-06,211.28,0.0
2015-01-07,210.95,0.0
2015-01-08,210.615,0.0
2015-01-09,206.66,0.0
2015-01-12,202.21,0.0
2015-01-13,204.25,0.0
2015-01-14,192.69,0.0
2015-01-15,191.87,0.0
2015-01-16,193.07,0.0
2015-01-20,191.93,0.0
2015-01-21,196.57,0.0
2015-01-22,201.62,0.0
2015-01-23,201.29,0.0
2015-01-26,206.55,0.0
2015-01-27,205.98,0.0
2015-01-28,199.37,0.0
2015-01-29,205.2,0.0
2015-01-30,203.6,0.0
2015-02-02,210.94,0.0
2015-02-03,218.36,0.0
2015-02-04,218.55,0.0
2015-02-05,220.99,0.0
2015-02-06,217.36,0.0
2015-02-09,217.48,0.0
2015-02-10,216.29,0.0
2015-02-11,212.8,0.0
2015-02-12,202.88,0.0
2015-02-13,203.77,0.0
2015-02-17,204.35,0.0
2015-02-18,204.46,0.0
2015-02-19,211.705,0.0
2015-02-20,217.11,0.0
2015-02-23,207.335,0.0
2015-02-24,204.11,0.0
2015-02-25,203.76,0.0
2015-02-26,207.19,0.0
2015-02-27,203.34,0.0
2015-03-02,197.325,0.0
2015-03-03,199.56,0.0
2015-03-04,202.435,0.0
2015-03-05,200.63,0.0
2015-03-06,193.88,0.0
2015-03-09,190.88,0.0
2015-03-10,190.32,0.0
2015-03-11,193.74,0.0
2015-03-12,191.07,0.0
2015-03-13,188.68,0.0
2015-03-16,195.7,0.0
2015-03-17,194.73,0.0
2015-03-18,200.71,0.0
2015-03-19,195.65,0.0
2015-03-20,198.08,0.0
2015-03-23,199.63,0.0
2015-03-24,201.72,0.0
2015-03-25,194.3,0.0
2015-03-26,190.405,0.0
2015-03-27,185.0,0.0
2015-03-30,190.57,0.0
2015-03-31,188.77,0.0
2015-04-01,187.59,0.0
2015-04-02,191.0,0.0
2015-04-06,203.1,0.0
2015-04-07,203.25,0.0
2015-04-08,207.67,0.0
2015-04-09,210.09,0.0
2015-04-10,210.9,0.0
2015-04-13,209.78,0.0
2015-04-14,207.46,0.0
2015-04-15,207.83,0.0
2015-04-16,206.7,0.0
2015-04-17,206.79,0.0
2015-04-20,205.27,0.0
2015-04-21,209.41,0.0
2015-04-22,219.44,0.0
2015-04-23,218.6,0.0
2015-04-24,218.425,0.0
2015-04-27,231.55,0.0
2015-04-28,230.48,0.0
2015-04-29,232.45,0.0
2015-04-30,226.05,0.0
2015-05-01,226.03,0.0
2015-05-04,230.51,0.0
2015-05-05,232.95,0.0
2015-05-06,230.43,0.0
2015-05-07,236.8,0.0
2015-05-08,236.61,0.0
2015-05-11,239.49,0.0
2015-05-12,244.74,0.0
2015-05-13,243.18,0.0
2015-05-14,244.1,0.0
2015-05-15,248.84,0.0
2015-05-18,248.75,0.0
2015-05-19,247.14,0.0
2015-05-20,244.35,0.0
2015-05-21,245.62,0.0
2015-05-22,247.73,0.0
2015-05-26,247.455,0.0
2015-05-27,247.43,0.0
2015-05-28,251.45,0.0
2015-05-29,250.8,0.0
2015-06-01,249.45,0.0
2015-06-02,248.35,0.0
2015-06-03,248.99,0.0
2015-06-04,245.92,0.0
2015-06-05,249.14,0.0
2015-06-08,256.29,0.0
2015-06-09,256.0,0.0
2015-06-10,250.7,0.0
2015-06-11,251.41,0.0
2015-06-12,250.69,0.0
2015-06-15,250.38,0.0
2015-06-16,253.12,0.0
2015-06-17,260.41,0.0
2015-06-18,261.89,0.0
2015-06-19,262.51,0.0
2015-06-22,259.79,0.0
2015-06-23,267.67,0.0
2015-06-24,265.17,0.0
2015-06-25,268.79,0.0
2015-06-26,267.09,0.0
2015-06-29,262.02,0.0
2015-06-30,268.26,0.0
2015-07-01,269.15,0.0
2015-07-02,280.02,0.0
2015-07-06,279.72,0.0
2015-07-07,267.88,0.0
2015-07-08,254.96,0.0
2015-07-09,257.92,0.0
2015-07-10,259.15,0.0
2015-07-13,262.16,0.0
2015-07-14,265.65,0.0
2015-07-15,263.14,0.0
2015-07-16,266.68,0.0
2015-07-17,274.66,0.0
2015-07-20,282.26,0.0
2015-07-21,266.77,0.0
2015-07-22,267.87,0.0
2015-07-23,267.2,0.0
2015-07-24,265.41,0.0
2015-07-27,253.01,0.0
2015-07-28,264.82,0.0
2015-07-29,263.82,0.0
2015-07-30,266.79,0.0
2015-07-31,266.15,0.0
2015-08-03,259.99,0.0
2015-08-04,266.28,0.0
2015-08-05,270.13,0.0
2015-08-06,246.13,0.0
2015-08-07,242.51,0.0
2015-08-10,241.14,0.0
2015-08-11,237.37,0.0
2015-08-12,238.17,0.0
2015-08-13,242.51,0.0
2015-08-14,243.15,0.0
2015-08-17,254.99,0.0
2015-08-18,260.72,0.0
2015-08-19,255.25,0.0
2015-08-20,242.18,0.0
2015-08-21,230.77,0.0
2015-08-24,218.87,0.0
2015-08-25,220.03,0.0
2015-08-26,224.84,0.0
2015-08-27,242.99,0.0
2015-08-28,248.48,0.0
2015-08-31,249.06,0.0
2015-09-01,238.63,0.0
2015-09-02,247.69,0.0
2015-09-03,245.57,0.0
2015-09-04,241.93,0.0
2015-09-08,248.17,0.0
2015-09-09,248.91,0.0
2015-09-10,248.48,0.0
2015-09-11,250.24,0.0
2015-09-14,253.19,0.0
2015-09-15,253.57,0.0
2015-09-16,262.25,0.0
2015-09-17,262.07,0.0
2015-09-18,260.62,0.0
2015-09-21,264.2,0.0
2015-09-22,260.94,0.0
2015-09-23,261.06,0.0
2015-09-24,263.12,0.0
2015-09-25,256.91,0.0
2015-09-28,248.43,0.0
2015-09-29,246.65,0.0
2015-09-30,248.4,0.0
2015-10-01,239.88,0.0
2015-10-02,247.57,0.0
2015-10-05,246.15,0.0
2015-10-06,241.46,0.0
2015-10-07,231.96,0.0
2015-10-08,226.72,0.0
2015-10-09,220.69,0.0
2015-10-12,215.58,0.0
2015-10-13,219.25,0.0
2015-10-14,216.88,0.0
2015-10-15,221.31,0.0
2015-10-16,227.01,0.0
2015-10-19,228.1,0.0
2015-10-20,213.03,0.0
2015-10-21,210.09,0.0
2015-10-22,211.72,0.0
2015-10-23,209.09,0.0
2015-10-26,215.26,0.0
2015-10-27,210.35,0.0
2015-10-28,212.96,0.0
2015-10-29,211.63,0.0
2015-10-30,206.93,0.0
2015-11-02,213.79,0.0
2015-11-03,208.35,0.0
2015-11-04,231.63,0.0
2015-11-05,231.77,0.0
2015-11-06,232.36,0.0
2015-11-09,225.33,0.0
2015-11-10,216.5,0.0
2015-11-11,219.08,0.0
2015-11-12,212.94,0.0
2015-11-13,207.19,0.0
2015-11-16,214.31,0.0
2015-11-17,214.0,0.0
2015-11-18,221.07,0.0
2015-11-19,221.8,0.0
2015-11-20,220.01,0.0
2015-11-23,217.75,0.0
2015-11-24,218.25,0.0
2015-11-25,229.64,0.0
2015-11-27,231.61,0.0
2015-11-30,230.26,0.0
2015-12-01,237.19,0.0
2015-12-02,231.99,0.0
2015-12-03,232.71,0.0
2015-12-04,230.38,0.0
2015-12-07,231.13,0.0
2015-12-08,226.72,0.0
2015-12-09,224.52,0.0
2015-12-10,227.07,0.0
2015-12-11,217.02,0.0
2015-12-14,218.58,0.0
2015-12-15,221.09,0.0
2015-12-16,234.51,0.0
2015-12-17,233.39,0.0
2015-12-18,230.46,0.0
2015-12-21,232.56,0.0
2015-12-22,229.95,0.0
2015-12-23,229.7,0.0
2015-12-24,230.57,0.0
2015-12-28,228.95,0.0
2015-12-29,237.19,0.0
2015-12-30,238.09,0.0
2015-12-31,240.01,0.0
2016-01-04,223.41,0.0
2016-01-05,223.43,0.0
2016-01-06,219.04,0.0
2016-01-07,215.65,0.0
2016-01-08,211.0,0.0
2016-01-11,207.85,0.0
2016-01-12,209.97,0.0
2016-01-13,200.31,0.0
2016-01-14,206.18,0.0
2016-01-15,204.99,0.0
2016-01-19,204.72,0.0
2016-01-20,198.7,0.0
2016-01-21,199.97,0.0
2016-01-22,202.55,0.0
2016-01-25,196.38,0.0
2016-01-26,193.56,0.0
2016-01-27,188.07,0.0
2016-01-28,189.7,0.0
2016-01-29,191.2,0.0
2016-02-01,196.94,0.0
2016-02-02,182.78,0.0
2016-02-03,173.48,0.0
2016-02-04,175.33,0.0
2016-02-05,162.6,0.0
2016-02-08,147.99,0.0
2016-02-09,148.25,0.0
2016-02-10,143.67,0.0
2016-02-11,150.47,0.0
2016-02-12,151.04,0.0
2016-02-16,155.17,0.0
2016-02-17,168.68,0.0
2016-02-18,166.77,0.0
2016-02-19,166.58,0.0
2016-02-22,177.74,0.0
2016-02-23,177.21,0.0
2016-02-24,179.0,0.0
2016-02-25,187.43,0.0
2016-02-26,190.34,0.0
2016-02-29,191.93,0.0
2016-03-01,186.35,0.0
2016-03-02,188.34,0.0
2016-03-03,195.74,0.0
2016-03-04,201.04,0.0
2016-03-07,205.29,0.0
2016-03-08,202.6,0.0
2016-03-09,208.72,0.0
2016-03-10,205.18,0.0
2016-03-11,207.5,0.0
2016-03-14,215.15,0.0
2016-03-15,218.34,0.0
2016-03-16,221.93,0.0
2016-03-17,226.38,0.0
2016-03-18,232.74,0.0
2016-03-21,238.32,0.0
2016-03-22,234.24,0.0
2016-03-23,222.58,0.0
2016-03-24,227.75,0.0
2016-03-28,230.26,0.0
2016-03-29,230.13,0.0
2016-03-30,226.89,0.0
2016-03-31,229.77,0.0
2016-04-01,237.59,0.0
2016-04-04,246.99,0.0
2016-04-05,255.47,0.0
2016-04-06,265.42,0.0
2016-04-07,257.2,0.0
2016-04-08,250.07,0.0
2016-04-11,249.92,0.0
2016-04-12,247.82,0.0
2016-04-13,254.53,0.0
2016-04-14,251.86,0.0
2016-04-15,254.51,0.0
2016-04-18,253.88,0.0
2016-04-19,247.37,0.0
2016-04-20,249.97,0.0
2016-04-21,248.29,0.0
2016-04-22,253.75,0.0
2016-04-25,251.82,0.0
2016-04-26,253.74,0.0
2016-04-27,251.47,0.0
2016-04-28,247.71,0.0
2016-04-29,240.76,0.0
2016-05-02,241.8,0.0
2016-05-03,232.32,0.0
2016-05-04,222.56,0.0
2016-05-05,211.53,0.0
2016-05-06,214.93,0.0
2016-05-09,208.92,0.0
2016-05-10,208.69,0.0
2016-05-11,208.96,0.0
2016-05-12,207.28,0.0
2016-05-13,207.61,0.0
2016-05-16,208.29,0.0
2016-05-17,204.66,0.0
2016-05-18,211.17,0.0
2016-05-19,215.21,0.0
2016-05-20,220.28,0.0
2016-05-23,216.22,0.0
2016-05-24,217.91,0.0
2016-05-25,219.58,0.0
2016-05-26,225.12,0.0
2016-05-27,223.04,0.0
2016-05-31,223.23,0.0
2016-06-01,219.56,0.0
2016-06-02,218.96,0.0
2016-06-03,218.99,0.0
2016-06-06,220.68,0.0
2016-06-07,232.34,0.0
2016-06-08,235.52,0.0
2016-06-09,229.36,0.0
2016-06-10,218.79,0.0
2016-06-13,217.87,0.0
2016-06-14,214.96,0.0
2016-06-15,217.7,0.0
2016-06-16,217.93,0.0
2016-06-17,215.47,0.0
2016-06-20,219.7,0.0
2016-06-21,219.61,0.0
2016-06-22,196.66,0.0
2016-06-23,196.4,0.0
2016-06-24,193.15,0.0
2016-06-27,198.55,0.0
2016-06-28,201.79,0.0
2016-06-29,210.19,0.0
2016-06-30,212.28,0.0
2016-07-01,216.5,0.0
2016-07-05,213.98,0.0
2016-07-06,214.44,0.0
2016-07-07,215.94,0.0
2016-07-08,216.78,0.0
2016-07-11,224.78,0.0
2016-07-12,224.65,0.0
2016-07-13,222.53,0.0
2016-07-14,221.53,0.0
2016-07-15,220.4,0.0
2016-07-18,226.25,0.0
2016-07-19,225.26,0.0
2016-07-20,228.36,0.0
2016-07-21,220.5,0.0
2016-07-22,222.27,0.0
2016-07-25,230.01,0.0
2016-07-26,229.51,0.0
2016-07-27,228.49,0.0
2016-07-28,230.61,0.0
2016-07-29,234.79,0.0
2016-08-01,230.01,0.0
2016-08-02,227.2,0.0
2016-08-03,225.79,0.0
2016-08-04,230.61,0.0
2016-08-05,230.03,0.0
2016-08-08,226.16,0.0
2016-08-09,229.08,0.0
2016-08-10,225.65,0.0
2016-08-11,224.91,0.0
2016-08-12,225.61,0.0
2016-08-15,225.59,0.0
2016-08-16,223.61,0.0
2016-08-17,223.24,0.0
2016-08-18,223.51,0.0
2016-08-19,225.0,0.0
2016-08-22,222.93,0.0
2016-08-23,224.84,0.0
2016-08-24,222.62,0.0
2016-08-25,220.96,0.0
2016-08-26,219.99,0.0
2016-08-29,215.2,0.0
2016-08-30,211.34,0.0
2016-08-31,212.01,0.0
2016-09-01,200.77,0.0
2016-09-02,197.78,0.0
2016-09-06,202.83,0.0
2016-09-07,201.71,0.0
2016-09-08,197.36,0.0
2016-09-09,194.47,0.0
2016-09-12,198.3,0.0
2016-09-13,196.05,0.0
2016-09-14,196.41,0.0
2016-09-15,200.42,0.0
2016-09-16,205.4,0.0
2016-09-19,206.34,0.0
2016-09-20,204.64,0.0
2016-09-21,205.22,0.0
2016-09-22,206.43,0.0
2016-09-23,207.45,0.0
2016-09-26,208.99,0.0
2016-09-27,205.81,0.0
2016-09-28,206.27,0.0
2016-09-29,200.7,0.0
2016-09-30,204.03,0.0
2016-10-03,213.7,0.0
2016-10-04,211.41,0.0
2016-10-05,208.46,0.0
2016-10-06,201.0,0.0
2016-10-07,196.61,0.0
2016-10-10,200.95,0.0
2016-10-11,200.1,0.0
2016-10-12,201.51,0.0
2016-10-13,200.24,0.0
2016-10-14,196.51,0.0
2016-10-17,193.96,0.0
2016-10-18,199.1,0.0
2016-10-19,203.56,0.0
2016-10-20,199.1,0.0
2016-10-21,200.09,0.0
2016-10-24,202.76,0.0
2016-10-25,202.34,0.0
2016-10-26,202.24,0.0
2016-10-27,204.01,0.0
2016-10-28,199.97,0.0
2016-10-31,197.73,0.0
2016-11-01,190.79,0.0
2016-11-02,188.02,0.0
2016-11-03,187.42,0.0
2016-11-04,190.56,0.0
2016-11-07,193.21,0.0
2016-11-08,194.94,0.0
2016-11-09,190.06,0.0
2016-11-10,185.35,0.0
2016-11-11,188.56,0.0
2016-11-14,181.45,0.0
2016-11-15,183.77,0.0
2016-11-16,183.93,0.0
2016-11-17,188.66,0.0
2016-11-18,185.02,0.0
2016-11-21,184.52,0.0
2016-11-22,191.17,0.0
2016-11-23,193.14,0.0
2016-11-25,196.65,0.0
2016-11-28,196.12,0.0
2016-11-29,189.57,0.0
2016-11-30,189.4,0.0
2016-12-01,181.88,0.0
2016-12-02,181.47,0.0
2016-12-05,186.8,0.0
2016-12-06,185.85,0.0
2016-12-07,193.15,0.0
2016-12-08,192.29,0.0
2016-12-09,192.18,0.0
2016-12-12,192.43,0.0
2016-12-13,198.15,0.0
2016-12-14,198.69,0.0
2016-12-15,197.58,0.0
2016-12-16,202.49,0.0
2016-12-19,202.73,0.0
2016-12-20,208.79,0.0
2016-12-21,207.7,0.0
2016-12-22,208.45,0.0
2016-12-23,213.34,0.0
2016-12-27,219.53,0.0
2016-12-28,219.74,0.0
2016-12-29,214.68,0.0
2016-12-30,213.69,0.0
2017-01-03,216.99,0.0
2017-01-04,226.99,0.0
2017-01-05,226.75,0.0
2017-01-06,229.01,0.0
2017-01-09,231.28,0.0
2017-01-10,229.87,0.0
2017-01-11,229.73,0.0
2017-01-12,229.59,0.0
2017-01-13,237.75,0.0
2017-01-17,235.58,0.0
2017-01-18,238.36,0.0
2017-01-19,243.76,0.0
2017-01-20,244.73,0.0
2017-01-23,248.92,0.0
2017-01-24,254.61,0.0
2017-01-25,254.47,0.0
2017-01-26,252.51,0.0
2017-01-27,252.95,0.0
2017-01-30,250.63,0.0
2017-01-31,251.93,0.0
2017-02-01,249.24,0.0
2017-02-02,251.55,0.0
2017-02-03,251.33,0.0
2017-02-06,257.77,0.0
2017-02-07,257.48,0.0
2017-02-08,262.08,0.0
2017-02-09,269.2,0.0
2017-02-10,269.23,0.0
2017-02-13,280.6,0.0
2017-02-14,280.98,0.0
2017-02-15,279.76,0.0
2017-02-16,268.95,0.0
2017-02-17,272.23,0.0
2017-02-21,277.39,0.0
2017-02-22,273.51,0.0
2017-02-23,255.99,0.0
2017-02-24,257.0,0.0
2017-02-27,246.23,0.0
2017-02-28,249.99,0.0
2017-03-01,250.02,0.0
2017-03-02,250.48,0.0
2017-03-03,251.57,0.0
2017-03-06,251.21,0.0
2017-03-07,248.59,0.0
2017-03-08,246.87,0.0
2017-03-09,244.9,0.0
2017-03-10,243.69,0.0
2017-03-13,246.17,0.0
2017-03-14,258.0,0.0
2017-03-15,255.73,0.0
2017-03-16,262.05,0.0
2017-03-17,261.5,0.0
2017-03-20,261.92,0.0
2017-03-21,250.68,0.0
2017-03-22,255.01,0.0
2017-03-23,254.78,0.0
2017-03-24,263.16,0.0
2017-03-27,270.22,0.0
2017-03-28,277.45,0.0
2017-03-29,277.38,0.0
2017-03-30,277.92,0.0
2017-03-31,278.3,0.0
2017-04-03,298.52,0.0
2017-04-04,303.7,0.0
2017-04-05,295.0,0.0
2017-04-06,298.7,0.0
2017-04-07,302.54,0.0
2017-04-10,312.39,0.0
2017-04-11,308.71,0.0
2017-04-12,296.84,0.0
2017-04-13,304.0,0.0
2017-04-17,301.44,0.0
2017-04-18,300.25,0.0
2017-04-19,305.52,0.0
2017-04-20,302.51,0.0
2017-04-21,305.6,0.0
2017-04-24,308.03,0.0
2017-04-25,313.79,0.0
2017-04-26,310.17,0.0
2017-04-27,308.63,0.0
2017-04-28,314.07,0.0
2017-05-01,322.83,0.0
2017-05-02,318.89,0.0
2017-05-03,311.02,0.0
2017-05-04,295.46,0.0
2017-05-05,308.35,0.0
2017-05-08,307.19,0.0
2017-05-09,321.26,0.0
2017-05-10,325.22,0.0
2017-05-11,323.1,0.0
2017-05-12,324.81,0.0
2017-05-15,315.88,0.0
2017-05-16,317.01,0.0
2017-05-17,306.11,0.0
2017-05-18,313.06,0.0
2017-05-19,310.83,0.0
2017-05-22,310.35,0.0
2017-05-23,303.86,0.0
2017-05-24,310.22,0.0
2017-05-25,316.83,0.0
2017-05-26,325.14,0.0
2017-05-30,335.1,0.0
2017-05-31,341.01,0.0
2017-06-01,340.37,0.0
2017-06-02,339.85,0.0
2017-06-05,347.32,0.0
2017-06-06,352.85,0.0
2017-06-07,359.65,0.0
2017-06-08,370.0,0.0
2017-06-09,357.32,0.0
2017-06-12,359.01,0.0
2017-06-13,375.95,0.0
2017-06-14,380.66,0.0
2017-06-15,375.34,0.0
2017-06-16,371.4,0.0
2017-06-19,369.8,0.0
2017-06-20,372.24,0.0
2017-06-21,376.4,0.0
2017-06-22,382.61,0.0
2017-06-23,383.45,0.0
2017-06-26,377.49,0.0
2017-06-27,362.37,0.0
2017-06-28,371.24,0.0
2017-06-29,360.75,0.0
2017-06-30,361.61,0.0
2017-07-03,352.62,0.0
2017-07-05,327.09,0.0
2017-07-06,308.83,0.0
2017-07-07,313.22,0.0
2017-07-10,316.05,0.0
2017-07-11,327.22,0.0
2017-07-12,329.52,0.0
2017-07-13,323.41,0.0
2017-07-14,327.78,0.0
2017-07-17,319.57,0.0
2017-07-18,328.24,0.0
2017-07-19,325.26,0.0
2017-07-20,329.92,0.0
2017-07-21,328.4,0.0
2017-07-24,342.52,0.0
2017-07-25,339.6,0.0
2017-07-26,343.85,0.0
2017-07-27,334.46,0.0
2017-07-28,335.07,0.0
2017-07-31,323.47,0.0
2017-08-01,319.57,0.0
2017-08-02,325.89,0.0
2017-08-03,347.09,0.0
2017-08-04,356.91,0.0
2017-08-07,355.17,0.0
2017-08-08,365.22,0.0
2017-08-09,363.53,0.0
2017-08-10,355.4,0.0
2017-08-11,357.87,0.0
2017-08-14,363.8,0.0
2017-08-15,362.33,0.0
2017-08-16,362.91,0.0
2017-08-17,351.92,0.0
2017-08-18,347.46,0.0
2017-08-21,337.86,0.0
2017-08-22,341.35,0.0
2017-08-23,352.77,0.0
2017-08-24,352.93,0.0
2017-08-25,348.05,0.0
2017-08-28,345.66,0.0
2017-08-29,347.36,0.0
2017-08-30,353.18,0.0
2017-08-31,355.9,0.0
2017-09-01,355.4,0.0
2017-09-05,349.59,0.0
2017-09-06,344.53,0.0
2017-09-07,350.61,0.0
2017-09-08,343.4,0.0
2017-09-11,363.69,0.0
2017-09-12,362.75,0.0
2017-09-13,366.23,0.0
2017-09-14,377.64,0.0
2017-09-15,379.81,0.0
2017-09-18,385.0,0.0
2017-09-19,375.1,0.0
2017-09-20,373.91,0.0
2017-09-21,366.48,0.0
2017-09-22,351.09,0.0
2017-09-25,344.99,0.0
2017-09-26,345.25,0.0
2017-09-27,340.97,0.0
2017-09-28,339.6,0.0
2017-09-29,341.1,0.0
2017-10-02,341.53,0.0
2017-10-03,348.14,0.0
2017-10-04,355.01,0.0
2017-10-05,355.33,0.0
2017-10-06,356.88,0.0
2017-10-09,342.94,0.0
2017-10-10,355.59,0.0
2017-10-11,354.6,0.0
2017-10-12,355.68,0.0
2017-10-13,355.57,0.0
2017-10-16,350.6,0.0
2017-10-17,355.75,0.0
2017-10-18,359.65,0.0
2017-10-19,351.81,0.0
2017-10-20,345.1,0.0
2017-10-23,337.02,0.0
2017-10-24,337.34,0.0
2017-10-25,325.84,0.0
2017-10-26,326.17,0.0
2017-10-27,320.87,0.0
2017-10-30,320.08,0.0
2017-10-31,331.53,0.0
2017-11-01,321.08,0.0
2017-11-02,299.26,0.0
2017-11-03,306.09,0.0
2017-11-06,302.78,0.0
2017-11-07,306.05,0.0
2017-11-08,304.39,0.0
2017-11-09,302.99,0.0
2017-11-10,302.99,0.0
2017-11-13,315.4,0.0
2017-11-14,308.7,0.0
2017-11-15,311.3,0.0
2017-11-16,312.5,0.0
2017-11-17,315.05,0.0
2017-11-20,308.74,0.0
2017-11-21,317.81,0.0
2017-11-22,312.6,0.0
2017-11-24,315.55,0.0
2017-11-27,316.81,0.0
2017-11-28,317.55,0.0
2017-11-29,307.54,0.0
2017-11-30,308.85,0.0
2017-12-01,306.53,0.0
2017-12-04,305.2,0.0
2017-12-05,303.7,0.0
2017-12-06,313.26,0.0
2017-12-07,311.24,0.0
2017-12-08,315.13,0.0
2017-12-11,328.91,0.0
2017-12-12,341.03,0.0
2017-12-13,339.03,0.0
2017-12-14,337.89,0.0
2017-12-15,343.45,0.0
2017-12-18,338.87,0.0
2017-12-19,331.1,0.0
2017-12-20,328.98,0.0
2017-12-21,331.66,0.0
2017-12-22,325.2,0.0
2017-12-26,317.29,0.0
2017-12-27,311.64,0.0
2017-12-28,315.36,0.0
2017-12-29,311.35,0.0
2018-01-02,320.53,0.0
2018-01-03,317.25,0.0
2018-01-04,314.62,0.0
2018-01-05,316.58,0.0
2018-01-08,336.41,0.0
2018-01-09,333.69,0.0
2018-01-10,334.8,0.0
2018-01-11,337.95,0.0
2018-01-12,336.22,0.0
2018-01-16,340.06,0.0
2018-01-17,347.16,0.0
2018-01-18,344.57,0.0
2018-01-19,350.02,0.0
2018-01-22,351.56,0.0
2018-01-23,352.79,0.0
2018-01-24,345.89,0.0
2018-01-25,337.64,0.0
2018-01-26,342.85,0.0
2018-01-29,349.53,0.0
2018-01-30,345.82,0.0
2018-01-31,354.31,0.0
2018-02-01,349.25,0.0
2018-02-02,343.75,0.0
2018-02-05,333.13,0.0
2018-02-06,333.97,0.0
2018-02-07,345.0,0.0
2018-02-08,315.23,0.0
2018-02-09,310.42,0.0
2018-02-12,315.73,0.0
2018-02-13,323.66,0.0
2018-02-14,322.31,0.0
2018-02-15,334.065,0.0
2018-02-16,335.49,0.0
2018-02-20,334.77,0.0
2018-02-21,333.3,0.0
2018-02-22,346.17,0.0
2018-02-23,352.05,0.0
2018-02-26,357.42,0.0
2018-02-27,350.99,0.0
2018-02-28,343.06,0.0
2018-03-01,330.93,0.0
2018-03-02,335.12,0.0
2018-03-05,333.35,0.0
2018-03-06,328.2,0.0
2018-03-07,332.3,0.0
2018-03-08,329.1,0.0
2018-03-09,327.17,0.0
2018-03-12,345.51,0.0
2018-03-13,341.84,0.0
2018-03-14,326.63,0.0
2018-03-15,325.6,0.0
2018-03-16,321.35,0.0
2018-03-19,313.56,0.0
2018-03-20,310.55,0.0
2018-03-21,316.53,0.0
2018-03-22,309.1,0.0
2018-03-23,301.54,0.0
2018-03-26,304.18,0.0
2018-03-27,279.18,0.0
2018-03-28,257.78,0.0
2018-03-29,266.13,0.0
2018-04-02,252.48,0.0
2018-04-03,267.53,0.0
2018-04-04,286.94,0.0
2018-04-05,305.72,0.0
2018-04-06,299.3,0.0
2018-04-09,289.66,0.0
2018-04-10,304.7,0.0
2018-04-11,300.93,0.0
2018-04-12,294.08,0.0
2018-04-13,300.34,0.0
2018-04-16,291.21,0.0
2018-04-17,287.69,0.0
2018-04-18,293.35,0.0
2018-04-19,300.08,0.0
2018-04-20,290.24,0.0
2018-04-23,283.37,0.0
2018-04-24,283.46,0.0
2018-04-25,280.69,0.0
2018-04-26,285.48,0.0
2018-04-27,294.075,0.0
2018-04-30,293.9,0.0
2018-05-01,299.92,0.0
2018-05-02,301.15,0.0
2018-05-03,284.45,0.0
2018-05-04,294.09,0.0
2018-05-07,302.77,0.0
2018-05-08,301.97,0.0
2018-05-09,306.85,0.0
2018-05-10,305.02,0.0
2018-05-11,301.06,0.0
2018-05-14,291.97,0.0
2018-05-15,284.18,0.0
2018-05-16,286.48,0.0
2018-05-17,284.54,0.0
2018-05-18,276.82,0.0
2018-05-21,284.49,0.0
2018-05-22,275.01,0.0
2018-05-23,279.07,0.0
2018-05-24,277.85,0.0
2018-05-25,278.85,0.0
2018-05-29,283.76,0.0
2018-05-30,291.72,0.0
2018-05-31,284.73,0.0
2018-06-01,291.82,0.0
2018-06-04,296.74,0.0
2018-06-05,291.13,0.0
2018-06-06,319.5,0.0
2018-06-07,316.09,0.0
2018-06-08,317.66,0.0
2018-06-11,332.1,0.0
2018-06-12,342.77,0.0
2018-06-13,344.78,0.0
2018-06-14,357.72,0.0
2018-06-15,358.17,0.0
2018-06-18,370.83,0.0
2018-06-19,352.55,0.0
2018-06-20,362.22,0.0
2018-06-21,347.51,0.0
2018-06-22,333.63,0.0
2018-06-25,333.01,0.0
2018-06-26,342.0,0.0
2018-06-27,344.5,0.0
2018-06-28,349.93,0.0
2018-06-29,342.95,0.0
2018-07-02,335.07,0.0
2018-07-03,310.86,0.0
2018-07-05,309.16,0.0
2018-07-06,308.9,0.0
2018-07-09,318.51,0.0
2018-07-10,322.47,0.0
2018-07-11,318.96,0.0
2018-07-12,316.71,0.0
2018-07-13,318.87,0.0
2018-07-16,310.1,0.0
2018-07-17,322.69,0.0
2018-07-18,323.85,0.0
2018-07-19,320.23,0.0
2018-07-20,313.58,0.0
2018-07-23,303.2,0.0
2018-07-24,297.43,0.0
2018-07-25,308.74,0.0
2018-07-26,306.65,0.0
2018-07-27,297.18,0.0
2018-07-30,290.17,0.0
2018-07-31,298.14,0.0
2018-08-01,300.84,0.0
2018-08-02,349.54,0.0
2018-08-03,348.17,0.0
2018-08-06,341.99,0.0
2018-08-07,379.57,0.0
2018-08-08,370.34,0.0
2018-08-09,352.45,0.0
2018-08-10,355.49,0.0
2018-08-13,356.41,0.0
2018-08-14,347.64,0.0
2018-08-15,338.69,0.0
2018-08-16,335.45,0.0
2018-08-17,305.5,0.0
2018-08-20,308.44,0.0
2018-08-21,321.9,0.0
2018-08-22,321.64,0.0
2018-08-23,320.1,0.0
2018-08-24,322.82,0.0
2018-08-27,319.27,0.0
2018-08-28,311.86,0.0
2018-08-29,305.01,0.0
2018-08-30,303.15,0.0
2018-08-31,301.66,0.0
2018-09-04,288.95,0.0
2018-09-05,280.74,0.0
2018-09-06,280.95,0.0
2018-09-07,263.24,0.0
2018-09-10,285.5,0.0
2018-09-11,279.44,0.0
2018-09-12,290.54,0.0
2018-09-13,289.46,0.0
2018-09-14,295.2,0.0
2018-09-17,294.84,0.0
2018-09-18,284.96,0.0
2018-09-19,299.02,0.0
2018-09-20,298.33,0.0
2018-09-21,299.1,0.0
2018-09-24,299.68,0.0
2018-09-25,300.99,0.0
2018-09-26,309.58,0.0
2018-09-27,307.52,0.0
2018-09-28,264.77,0.0
2018-10-01,310.7,0.0
2018-10-02,301.02,0.0
2018-10-03,294.8,0.0
2018-10-04,281.83,0.0
2018-10-05,261.95,0.0
2018-10-08,250.56,0.0
2018-10-09,262.8,0.0
2018-10-10,256.88,0.0
2018-10-11,252.23,0.0
2018-10-12,258.78,0.0
2018-10-15,259.59,0.0
2018-10-16,276.59,0.0
2018-10-17,271.78,0.0
2018-10-18,263.91,0.0
2018-10-19,260.0,0.0
2018-10-22,260.95,0.0
2018-10-23,294.14,0.0
2018-10-24,288.5,0.0
2018-10-25,314.86,0.0
2018-10-26,330.9,0.0
2018-10-29,334.85,0.0
2018-10-30,329.9,0.0
2018-10-31,337.32,0.0
2018-11-01,344.28,0.0
2018-11-02,346.41,0.0
2018-11-05,341.4,0.0
2018-11-06,341.06,0.0
2018-11-07,348.16,0.0
2018-11-08,351.4,0.0
2018-11-09,350.51,0.0
2018-11-12,331.28,0.0
2018-11-13,338.73,0.0
2018-11-14,344.0,0.0
2018-11-15,348.44,0.0
2018-11-16,354.31,0.0
2018-11-19,353.47,0.0
2018-11-20,347.49,0.0
2018-11-21,338.19,0.0
2018-11-23,325.83,0.0
2018-11-26,346.0,0.0
2018-11-27,343.92,0.0
2018-11-28,347.87,0.0
2018-11-29,341.17,0.0
2018-11-30,350.48,0.0
2018-12-03,358.49,0.0
2018-12-04,359.7,0.0
2018-12-06,363.06,0.0
2018-12-07,357.965,0.0
2018-12-10,365.15,0.0
2018-12-11,366.76,0.0
2018-12-12,366.6,0.0
2018-12-13,376.79,0.0
2018-12-14,365.71,0.0
2018-12-17,348.42,0.0
2018-12-18,337.03,0.0
2018-12-19,332.97,0.0
2018-12-20,315.38,0.0
2018-12-21,319.77,0.0
2018-12-24,295.39,0.0
2018-12-26,326.09,0.0
2018-12-27,316.13,0.0
2018-12-28,333.87,0.0
2018-12-31,332.8,0.0
2019-01-02,310.12,0.0
2019-01-03,300.36,0.0
2019-01-04,317.69,0.0
2019-01-07,334.96,0.0
2019-01-08,335.35,0.0
2019-01-09,338.53,0.0
2019-01-10,344.97,0.0
2019-01-11,347.26,0.0
2019-01-14,334.4,0.0
2019-01-15,344.43,0.0
2019-01-16,346.05,0.0
2019-01-17,347.31,0.0
2019-01-18,302.26,0.0
2019-01-22,298.92,0.0
2019-01-23,287.59,0.0
2019-01-24,291.51,0.0
2019-01-25,297.04,0.0
2019-01-28,296.38,0.0
2019-01-29,297.46,0.0
2019-01-30,308.77,0.0
2019-01-31,307.02,0.0
2019-02-01,312.21,0.0
2019-02-04,312.89,0.0
2019-02-05,321.35,0.0
2019-02-06,317.22,0.0
2019-02-07,307.51,0.0
2019-02-08,305.8,0.0
2019-02-11,312.84,0.0
2019-02-12,311.81,0.0
2019-02-13,308.17,0.0
2019-02-14,303.77,0.0
2019-02-15,307.88,0.0
2019-02-19,305.64,0.0
2019-02-20,302.56,0.0
2019-02-21,291.23,0.0
2019-02-22,294.71,0.0
2019-02-25,298.77,0.0
2019-02-26,297.86,0.0
2019-02-27,314.74,0.0
2019-02-28,319.88,0.0
2019-03-01,294.79,0.0
2019-03-04,285.36,0.0
2019-03-05,276.54,0.0
2019-03-06,276.24,0.0
2019-03-07,276.59,0.0
2019-03-08,284.14,0.0
2019-03-11,290.92,0.0
2019-03-12,283.36,0.0
2019-03-13,288.96,0.0
2019-03-14,289.96,0.0
2019-03-15,275.43,0.0
2019-03-18,269.49,0.0
2019-03-19,267.47,0.0
2019-03-20,273.6,0.0
2019-03-21,274.02,0.0
2019-03-22,264.53,0.0
2019-03-25,260.42,0.0
2019-03-26,267.77,0.0
2019-03-27,274.83,0.0
2019-03-28,278.62,0.0
2019-03-29,279.86,0.0
2019-04-01,289.18,0.0
2019-04-02,285.88,0.0
2019-04-03,291.81,0.0
2019-04-04,267.78,0.0
2019-04-05,274.96,0.0
2019-04-08,273.2,0.0
2019-04-09,272.31,0.0
2019-04-10,276.06,0.0
2019-04-11,268.42,0.0
2019-04-12,267.7,0.0
2019-04-15,266.38,0.0
2019-04-16,273.36,0.0
2019-04-17,271.23,0.0
2019-04-18,273.26,0.0
2019-04-22,262.75,0.0
2019-04-23,263.9,0.0
2019-04-24,258.66,0.0
2019-04-25,247.63,0.0
2019-04-26,235.14,0.0
2019-04-29,241.47,0.0
2019-04-30,238.69,0.0
2019-05-01,234.01,0.0
2019-05-02,244.1,0.0
2019-05-03,255.03,0.0
2019-05-06,255.34,0.0
2019-05-07,247.06,0.0
2019-05-08,244.84,0.0
2019-05-09,241.98,0.0
2019-05-10,239.52,0.0
2019-05-13,227.01,0.0
2019-05-14,232.31,0.0
2019-05-15,231.95,0.0
2019-05-16,228.33,0.0
2019-05-17,211.03,0.0
2019-05-20,205.36,0.0
2019-05-21,205.08,0.0
2019-05-22,192.73,0.0
2019-05-23,195.49,0.0
2019-05-24,190.63,0.0
2019-05-28,188.7,0.0
2019-05-29,189.86,0.0
2019-05-30,188.22,0.0
2019-05-31,185.16,0.0
2019-06-03,178.97,0.0
2019-06-04,193.6,0.0
2019-06-05,196.59,0.0
2019-06-06,205.95,0.0
2019-06-07,204.5,0.0
2019-06-10,212.88,0.0
2019-06-11,217.1,0.0
2019-06-12,209.26,0.0
2019-06-13,213.91,0.0
2019-06-14,214.92,0.0
2019-06-17,225.03,0.0
2019-06-18,224.74,0.0
2019-06-19,226.43,0.0
2019-06-20,219.62,0.0
2019-06-21,221.86,0.0
2019-06-24,223.64,0.0
2019-06-25,219.76,0.0
2019-06-26,219.27,0.0
2019-06-27,222.84,0.0
2019-06-28,223.46,0.0
2019-07-01,227.17,0.0
2019-07-02,224.55,0.0
2019-07-03,234.9,0.0
2019-07-05,233.1,0.0
2019-07-08,230.34,0.0
2019-07-09,230.06,0.0
2019-07-10,238.92,0.0
2019-07-11,238.6,0.0
2019-07-12,245.08,0.0
2019-07-15,253.5,0.0
2019-07-16,252.38,0.0
2019-07-17,254.86,0.0
2019-07-18,253.54,0.0
2019-07-19,258.18,0.0
2019-07-22,255.68,0.0
2019-07-23,260.17,0.0
2019-07-24,264.88,0.0
2019-07-25,228.82,0.0
2019-07-26,228.04,0.0
2019-07-29,235.77,0.0
2019-07-30,242.26,0.0
2019-07-31,241.61,0.0
2019-08-01,233.85,0.0
2019-08-02,234.34,0.0
2019-08-05,228.32,0.0
2019-08-06,230.75,0.0
2019-08-07,233.42,0.0
2019-08-08,238.3,0.0
2019-08-09,235.01,0.0
2019-08-12,229.01,0.0
2019-08-13,235.0,0.0
2019-08-14,219.62,0.0
2019-08-15,215.64,0.0
2019-08-16,219.94,0.0
2019-08-19,226.83,0.0
2019-08-20,225.86,0.0
2019-08-21,220.83,0.0
2019-08-22,222.15,0.0
2019-08-23,211.4,0.0
2019-08-26,215.0,0.0
2019-08-27,214.08,0.0
2019-08-28,215.59,0.0
2019-08-29,221.71,0.0
2019-08-30,225.61,0.0
2019-09-03,225.01,0.0
2019-09-04,220.68,0.0
2019-09-05,229.58,0.0
2019-09-06,227.45,0.0
2019-09-09,231.79,0.0
2019-09-10,235.54,0.0
2019-09-11,247.1,0.0
2019-09-12,245.87,0.0
2019-09-13,245.2,0.0
2019-09-16,242.81,0.0
2019-09-17,244.79,0.0
2019-09-18,243.49,0.0
2019-09-19,246.6,0.0
2019-09-20,240.62,0.0
2019-09-23,241.23,0.0
2019-09-24,223.21,0.0
2019-09-25,228.7,0.0
2019-09-26,242.56,0.0
2019-09-27,242.13,0.0
2019-09-30,240.87,0.0
2019-10-01,244.69,0.0
2019-10-02,243.13,0.0
2019-10-03,233.03,0.0
2019-10-04,231.43,0.0
2019-10-07,237.72,0.0
2019-10-08,240.05,0.0
2019-10-09,244.53,0.0
2019-10-10,244.74,0.0
2019-10-11,247.89,0.0
2019-10-14,256.96,0.0
2019-10-15,257.89,0.0
2019-10-16,259.75,0.0
2019-10-17,261.97,0.0
2019-10-18,256.95,0.0
2019-10-21,253.5,0.0
2019-10-22,255.58,0.0
2019-10-23,254.68,0.0
2019-10-24,299.68,0.0
2019-10-25,328.13,0.0
2019-10-28,327.71,0.0
2019-10-29,316.22,0.0
2019-10-30,315.01,0.0
2019-10-31,314.92,0.0
2019-11-01,313.31,0.0
2019-11-04,317.47,0.0
2019-11-05,317.22,0.0
2019-11-06,326.58,0.0
2019-11-07,335.54,0.0
2019-11-08,337.14,0.0
2019-11-11,345.09,0.0
2019-11-12,349.93,0.0
2019-11-13,346.11,0.0
2019-11-14,349.35,0.0
2019-11-15,352.17,0.0
2019-11-18,349.99,0.0
2019-11-19,359.52,0.0
2019-11-20,352.22,0.0
2019-11-21,354.83,0.0
2019-11-22,333.04,0.0
2019-11-25,336.34,0.0
2019-11-26,328.92,0.0
2019-11-27,331.29,0.0
2019-11-29,329.94,0.0
2019-12-02,334.87,0.0
2019-12-03,336.2,0.0
2019-12-04,333.03,0.0
2019-12-05,330.37,0.0
2019-12-06,335.89,0.0
2019-12-09,339.53,0.0
2019-12-10,348.84,0.0
2019-12-11,352.7,0.0
2019-12-12,359.68,0.0
2019-12-13,358.39,0.0
2019-12-16,381.5,0.0
2019-12-17,378.99,0.0
2019-12-18,393.15,0.0
2019-12-19,404.04,0.0
2019-12-20,405.59,0.0
2019-12-23,419.22,0.0
2019-12-24,425.25,0.0
2019-12-26,430.94,0.0
2019-12-27,430.38,0.0
2019-12-30,414.7,0.0
2019-12-31,418.33,0.0
2020-01-02,430.26,0.0
2020-01-03,443.01,0.0
2020-01-06,451.54,0.0
2020-01-07,469.06,0.0
2020-01-08,492.14,0.0
2020-01-09,481.34,0.0
2020-01-10,478.15,0.0
2020-01-13,524.86,0.0
2020-01-14,537.92,0.0
2020-01-15,518.5,0.0
2020-01-16,513.49,0.0
2020-01-17,510.5,0.0
2020-01-21,547.2,0.0
2020-01-22,569.56,0.0
2020-01-23,572.2,0.0
2020-01-24,564.82,0.0
2020-01-27,558.02,0.0
2020-01-28,566.9,0.0
2020-01-29,580.99,0.0
2020-01-30,640.81,0.0
2020-01-31,650.57,0.0
2020-02-03,780.0,0.0
2020-02-04,887.06,0.0
2020-02-05,734.7,0.0
2020-02-06,748.96,0.0
2020-02-07,748.07,0.0
2020-02-10,771.28,0.0
2020-02-11,774.38,0.0
2020-02-12,767.29,0.0
2020-02-13,804.0,0.0
2020-02-14,800.03,0.0
2020-02-18,858.4,0.0
2020-02-19,917.42,0.0
2020-02-20,899.41,0.0
2020-02-21,901.0,0.0
2020-02-24,833.79,0.0
2020-02-25,799.91,0.0
2020-02-26,778.8,0.0
2020-02-27,679.0,0.0
2020-02-28,667.99,0.0
2020-03-02,743.62,0.0
2020-03-03,745.51,0.0
2020-03-04,749.5,0.0
2020-03-05,724.54,0.0
2020-03-06,703.48,0.0
2020-03-09,608.0,0.0
2020-03-10,645.33,0.0
2020-03-11,634.23,0.0
2020-03-12,560.55,0.0
2020-03-13,546.62,0.0
2020-03-16,445.07,0.0
2020-03-17,430.2,0.0
2020-03-18,361.22,0.0
2020-03-19,427.64,0.0
2020-03-20,427.53,0.0
2020-03-23,434.29,0.0
2020-03-24,505.0,0.0
2020-03-25,539.25,0.0
2020-03-26,528.16,0.0
2020-03-27,514.36,0.0
2020-03-30,502.13,0.0
2020-03-31,524.0,0.0
2020-04-01,481.56,0.0
2020-04-02,454.47,0.0
2020-04-03,480.01,0.0
2020-04-06,516.24,0.0
2020-04-07,545.45,0.0
2020-04-08,548.84,0.0
2020-04-09,573.0,0.0
2020-04-13,650.95,0.0
2020-04-14,709.89,0.0
2020-04-15,729.83,0.0
2020-04-16,745.21,0.0
2020-04-17,753.89,0.0
2020-04-20,746.36,0.0
2020-04-21,686.72,0.0
2020-04-22,732.11,0.0
2020-04-23,705.63,0.0
2020-04-24,725.15,0.0
2020-04-27,798.75,0.0
2020-04-28,769.12,0.0
2020-04-29,800.51,0.0
2020-04-30,781.88,0.0
2020-05-01,701.32,0.0
2020-05-04,761.19,0.0
2020-05-05,768.21,0.0
2020-05-06,782.58,0.0
2020-05-07,780.04,0.0
2020-05-08,819.42,0.0
2020-05-11,811.29,0.0
2020-05-12,809.41,0.0
2020-05-13,790.96,0.0
2020-05-14,803.33,0.0
2020-05-15,799.17,0.0
2020-05-18,813.63,0.0
2020-05-19,808.01,0.0
2020-05-20,815.56,0.0
2020-05-21,827.6,0.0
2020-05-22,816.88,0.0
2020-05-26,818.87,0.0
2020-05-27,820.23,0.0
2020-05-28,805.81,0.0
2020-05-29,835.0,0.0
2020-06-01,898.1,0.0
2020-06-02,881.56,0.0
2020-06-03,882.96,0.0
2020-06-04,864.38,0.0
2020-06-05,885.66,0.0
2020-06-08,949.92,0.0
2020-06-09,940.67,0.0
2020-06-10,1025.05,0.0
2020-06-11,972.84,0.0
2020-06-12,935.28,0.0
2020-06-15,990.9,0.0
2020-06-16,982.13,0.0
2020-06-17,991.79,0.0
2020-06-18,1003.96,0.0
2020-06-19,1000.9,0.0
2020-06-22,994.32,0.0
2020-06-23,1001.78,0.0
2020-06-24,960.85,0.0
2020-06-25,985.98,0.0
2020-06-26,959.74,0.0
2020-06-29,1009.35,0.0
2020-06-30,1079.81,0.0
2020-07-01,1119.63,0.0
2020-07-02,1208.66,0.0
2020-07-06,1371.58,0.0
2020-07-07,1389.86,0.0
2020-07-08,1365.88,0.0
2020-07-09,1394.28,0.0
2020-07-10,1544.65,0.0
2020-07-13,1497.06,0.0
2020-07-14,1516.8,0.0
2020-07-15,1546.01,0.0
2020-07-16,1500.64,0.0
2020-07-17,1500.84,0.0
2020-07-20,1643.0,0.0
2020-07-21,1568.36,0.0
2020-07-22,1592.33,0.0
2020-07-23,1513.07,0.0
2020-07-24,1417.0,0.0
2020-07-27,1539.6,0.0
2020-07-28,1476.49,0.0
2020-07-29,1499.11,0.0
2020-07-30,1487.49,0.0
2020-07-31,1430.76,0.0
2020-08-03,1485.0,0.0
2020-08-04,1487.0,0.0
2020-08-05,1485.02,0.0
2020-08-06,1489.58,0.0
2020-08-07,1452.71,0.0
2020-08-10,1418.57,0.0
2020-08-11,1374.39,0.0
2020-08-12,1554.76,0.0
2020-08-13,1621.0,0.0
2020-08-14,1650.71,0.0
2020-08-17,1835.64,0.0
2020-08-18,1887.09,0.0
2020-08-19,1878.53,0.0
2020-08-20,2001.83,0.0
2020-08-21,2049.98,0.0
