date,annual breakeven rate
2003-01-02,0.013
2003-01-03,0.0128
2003-01-06,0.0131
2003-01-07,0.0128
2003-01-08,0.0133
2003-01-09,0.0141
2003-01-10,0.014
2003-01-13,0.014
2003-01-14,0.0138
2003-01-15,0.0141
2003-01-16,0.014
2003-01-17,0.0145
2003-01-21,0.0138
2003-01-22,0.0134
2003-01-23,0.0142
2003-01-24,0.0146
2003-01-27,0.0147
2003-01-28,0.0147
2003-01-29,0.0152
2003-01-30,0.0146
2003-01-31,0.0149
2003-02-03,0.0152
2003-02-04,0.0154
2003-02-05,0.0161
2003-02-06,0.0162
2003-02-07,0.016
2003-02-10,0.0166
2003-02-11,0.0162
2003-02-12,0.016
2003-02-13,0.0156
2003-02-14,0.0162
2003-02-18,0.0163
2003-02-19,0.0162
2003-02-20,0.0169
2003-02-21,0.0173
2003-02-24,0.0178
2003-02-25,0.0177
2003-02-26,0.0174
2003-02-27,0.0177
2003-02-28,0.0175
2003-03-03,0.0173
2003-03-04,0.0172
2003-03-05,0.0168
2003-03-06,0.0173
2003-03-07,0.0174
2003-03-10,0.0172
2003-03-11,0.0176
2003-03-12,0.0179
2003-03-13,0.0187
2003-03-14,0.0157
2003-03-17,0.0167
2003-03-18,0.0163
2003-03-19,0.0159
2003-03-20,0.0167
2003-03-21,0.017
2003-03-24,0.0166
2003-03-25,0.0164
2003-03-26,0.0165
2003-03-27,0.0171
2003-03-28,0.0172
2003-03-31,0.0165
2003-04-01,0.0164
2003-04-02,0.0166
2003-04-03,0.0164
2003-04-04,0.0163
2003-04-07,0.0161
2003-04-08,0.0157
2003-04-09,0.0155
2003-04-10,0.0164
2003-04-11,0.0162
2003-04-14,0.0166
2003-04-15,0.0162
2003-04-16,0.0158
2003-04-17,0.0158
2003-04-21,0.0157
2003-04-22,0.0151
2003-04-23,0.0154
2003-04-24,0.0146
2003-04-25,0.0146
2003-04-28,0.0148
2003-04-29,0.0147
2003-04-30,0.0145
2003-05-01,0.013
2003-05-02,0.0134
2003-05-05,0.015
2003-05-06,0.0142
2003-05-07,0.0138
2003-05-08,0.0134
2003-05-09,0.014
2003-05-12,0.0137
2003-05-13,0.0139
2003-05-14,0.0132
2003-05-15,0.0139
2003-05-16,0.0131
2003-05-19,0.0134
2003-05-20,0.0135
2003-05-21,0.0134
2003-05-22,0.013
2003-05-23,0.0131
2003-05-27,0.0125
2003-05-28,0.0123
2003-05-29,0.0123
2003-05-30,0.0126
2003-06-02,0.0129
2003-06-03,0.0125
2003-06-04,0.0125
2003-06-05,0.0131
2003-06-06,0.0133
2003-06-09,0.0132
2003-06-10,0.0131
2003-06-11,0.0136
2003-06-12,0.0132
2003-06-13,0.0137
2003-06-16,0.0135
2003-06-17,0.0135
2003-06-18,0.0136
2003-06-19,0.0139
2003-06-20,0.0139
2003-06-23,0.0136
2003-06-24,0.0137
2003-06-25,0.0145
2003-06-26,0.0147
2003-06-27,0.0148
2003-06-30,0.0145
2003-07-01,0.0145
2003-07-02,0.0143
2003-07-03,0.0144
2003-07-07,0.0144
2003-07-08,0.0141
2003-07-09,0.0146
2003-07-10,0.0145
2003-07-11,0.0142
2003-07-14,0.0147
2003-07-15,0.0153
2003-07-16,0.0156
2003-07-17,0.0157
2003-07-18,0.0165
2003-07-21,0.0163
2003-07-22,0.0159
2003-07-23,0.0167
2003-07-24,0.0167
2003-07-25,0.0176
2003-07-28,0.0172
2003-07-29,0.017
2003-07-30,0.0173
2003-07-31,0.0175
2003-08-01,0.0175
2003-08-04,0.0172
2003-08-05,0.0175
2003-08-06,0.0172
2003-08-07,0.0178
2003-08-08,0.0174
2003-08-11,0.0182
2003-08-12,0.0181
2003-08-13,0.0188
2003-08-14,0.0189
2003-08-15,0.0192
2003-08-18,0.0188
2003-08-19,0.0187
2003-08-20,0.0194
2003-08-21,0.0206
2003-08-22,0.0205
2003-08-25,0.0203
2003-08-26,0.0203
2003-08-27,0.0201
2003-08-28,0.0198
2003-08-29,0.0199
2003-09-02,0.02
2003-09-03,0.0203
2003-09-04,0.0201
2003-09-05,0.0197
2003-09-08,0.0194
2003-09-09,0.0194
2003-09-10,0.019
2003-09-11,0.0192
2003-09-12,0.0188
2003-09-15,0.0187
2003-09-16,0.018
2003-09-17,0.0177
2003-09-18,0.0179
2003-09-19,0.0181
2003-09-22,0.0184
2003-09-23,0.0184
2003-09-24,0.0186
2003-09-25,0.0191
2003-09-26,0.0191
2003-09-29,0.0191
2003-09-30,0.0186
2003-10-01,0.0184
2003-10-02,0.0183
2003-10-03,0.0189
2003-10-06,0.0187
2003-10-07,0.0191
2003-10-08,0.0189
2003-10-09,0.0192
2003-10-10,0.0197
2003-10-14,0.02
2003-10-15,0.0202
2003-10-16,0.0208
2003-10-17,0.0207
2003-10-20,0.0206
2003-10-21,0.0204
2003-10-22,0.0197
2003-10-23,0.0201
2003-10-24,0.0199
2003-10-27,0.0202
2003-10-28,0.02
2003-10-29,0.0203
2003-10-30,0.0205
2003-10-31,0.0206
2003-11-03,0.0207
2003-11-04,0.0206
2003-11-05,0.0201
2003-11-06,0.0202
2003-11-07,0.0205
2003-11-10,0.0209
2003-11-12,0.0209
2003-11-13,0.0205
2003-11-14,0.0202
2003-11-17,0.0202
2003-11-18,0.02
2003-11-19,0.02
2003-11-20,0.0191
2003-11-21,0.0192
2003-11-24,0.0198
2003-11-25,0.0199
2003-11-26,0.0201
2003-11-28,0.0202
2003-12-01,0.0204
2003-12-02,0.0205
2003-12-03,0.0206
2003-12-04,0.0207
2003-12-05,0.0203
2003-12-08,0.0206
2003-12-09,0.0209
2003-12-10,0.0209
2003-12-11,0.0211
2003-12-12,0.021
2003-12-15,0.0208
2003-12-16,0.0202
2003-12-17,0.02
2003-12-18,0.0197
2003-12-19,0.0198
2003-12-22,0.0198
2003-12-23,0.0204
2003-12-24,0.0201
2003-12-26,0.0201
2003-12-29,0.0202
2003-12-30,0.0203
2003-12-31,0.0203
2004-01-02,0.0208
2004-01-05,0.0209
2004-01-06,0.0205
2004-01-07,0.0205
2004-01-08,0.0199
2004-01-09,0.0193
2004-01-12,0.0193
2004-01-13,0.0195
2004-01-14,0.0191
2004-01-15,0.0196
2004-01-16,0.0201
2004-01-20,0.0204
2004-01-21,0.0206
2004-01-22,0.0202
2004-01-23,0.0205
2004-01-26,0.0206
2004-01-27,0.0209
2004-01-28,0.0213
2004-01-29,0.0215
2004-01-30,0.0216
2004-02-02,0.0222
2004-02-03,0.0219
2004-02-04,0.022
2004-02-05,0.0222
2004-02-06,0.0217
2004-02-09,0.0216
2004-02-10,0.0217
2004-02-11,0.0215
2004-02-12,0.0217
2004-02-13,0.0216
2004-02-17,0.0218
2004-02-18,0.0219
2004-02-19,0.022
2004-02-20,0.0224
2004-02-23,0.0223
2004-02-24,0.0223
2004-02-25,0.0224
2004-02-26,0.0229
2004-02-27,0.0238
2004-03-01,0.024
2004-03-02,0.0242
2004-03-03,0.0242
2004-03-04,0.0235
2004-03-05,0.0228
2004-03-08,0.0225
2004-03-09,0.022
2004-03-10,0.0218
2004-03-11,0.0215
2004-03-12,0.0214
2004-03-15,0.022
2004-03-16,0.022
2004-03-17,0.0227
2004-03-18,0.0232
2004-03-19,0.0227
2004-03-22,0.0224
2004-03-23,0.0224
2004-03-24,0.0227
2004-03-25,0.0226
2004-03-26,0.023
2004-03-29,0.0231
2004-03-30,0.0229
2004-03-31,0.0229
2004-04-01,0.0234
2004-04-02,0.0238
2004-04-05,0.024
2004-04-06,0.0237
2004-04-07,0.0228
2004-04-08,0.0234
2004-04-12,0.0235
2004-04-13,0.0239
2004-04-14,0.0243
2004-04-15,0.0242
2004-04-16,0.0244
2004-04-19,0.0246
2004-04-20,0.0238
2004-04-21,0.0245
2004-04-22,0.0236
2004-04-23,0.0229
2004-04-26,0.0237
2004-04-27,0.0238
2004-04-28,0.0234
2004-04-29,0.0234
2004-04-30,0.0234
2004-05-03,0.0235
2004-05-04,0.024
2004-05-05,0.0242
2004-05-06,0.0238
2004-05-07,0.0246
2004-05-10,0.0242
2004-05-11,0.0245
2004-05-12,0.0254
2004-05-13,0.0258
2004-05-14,0.0251
2004-05-17,0.025
2004-05-18,0.0254
2004-05-19,0.0261
2004-05-20,0.0261
2004-05-21,0.0257
2004-05-24,0.0263
2004-05-25,0.026
2004-05-26,0.0258
2004-05-27,0.0255
2004-05-28,0.0255
2004-06-01,0.0264
2004-06-02,0.0262
2004-06-03,0.0258
2004-06-04,0.026
2004-06-07,0.0258
2004-06-08,0.0253
2004-06-09,0.0254
2004-06-10,0.0255
2004-06-14,0.0255
2004-06-15,0.0252
2004-06-16,0.0253
2004-06-17,0.0251
2004-06-18,0.0254
2004-06-21,0.0251
2004-06-22,0.0251
2004-06-23,0.0248
2004-06-24,0.0245
2004-06-25,0.0242
2004-06-28,0.0245
2004-06-29,0.0242
2004-06-30,0.0243
2004-07-01,0.0244
2004-07-02,0.0241
2004-07-06,0.0242
2004-07-07,0.0244
2004-07-08,0.0243
2004-07-09,0.0241
2004-07-12,0.0238
2004-07-13,0.024
2004-07-14,0.0241
2004-07-15,0.0242
2004-07-16,0.0237
2004-07-19,0.0236
2004-07-20,0.0236
2004-07-21,0.0237
2004-07-22,0.0237
2004-07-23,0.0238
2004-07-26,0.0236
2004-07-27,0.0238
2004-07-28,0.024
2004-07-29,0.0243
2004-07-30,0.0241
2004-08-02,0.0242
2004-08-03,0.0243
2004-08-04,0.0239
2004-08-05,0.0241
2004-08-06,0.0234
2004-08-09,0.0237
2004-08-10,0.0235
2004-08-11,0.0238
2004-08-12,0.024
2004-08-13,0.0241
2004-08-16,0.0239
2004-08-17,0.0233
2004-08-18,0.0232
2004-08-19,0.0239
2004-08-20,0.0236
2004-08-23,0.0233
2004-08-24,0.023
2004-08-25,0.0229
2004-08-26,0.0228
2004-08-27,0.0229
2004-08-30,0.0228
2004-08-31,0.0227
2004-09-01,0.0228
2004-09-02,0.0232
2004-09-03,0.0236
2004-09-07,0.0234
2004-09-08,0.023
2004-09-09,0.023
2004-09-10,0.0226
2004-09-13,0.0227
2004-09-14,0.0224
2004-09-15,0.0223
2004-09-16,0.0217
2004-09-17,0.0218
2004-09-20,0.0219
2004-09-21,0.0214
2004-09-22,0.0217
2004-09-23,0.0219
2004-09-24,0.022
2004-09-27,0.0225
2004-09-28,0.0228
2004-09-29,0.023
2004-09-30,0.0233
2004-10-01,0.0235
2004-10-04,0.0231
2004-10-05,0.0233
2004-10-06,0.0233
2004-10-07,0.0235
2004-10-08,0.0232
2004-10-12,0.0231
2004-10-13,0.0232
2004-10-14,0.0232
2004-10-15,0.0234
2004-10-18,0.0232
2004-10-19,0.0233
2004-10-20,0.0234
2004-10-21,0.0244
2004-10-22,0.0243
2004-10-25,0.0242
2004-10-26,0.0245
2004-10-27,0.0247
2004-10-28,0.0249
2004-10-29,0.0249
2004-11-01,0.0252
2004-11-02,0.0256
2004-11-03,0.0257
2004-11-04,0.0253
2004-11-05,0.026
2004-11-08,0.0259
2004-11-09,0.0257
2004-11-10,0.0259
2004-11-12,0.0259
2004-11-15,0.0262
2004-11-16,0.0264
2004-11-17,0.0261
2004-11-18,0.026
2004-11-19,0.0264
2004-11-22,0.0267
2004-11-23,0.0265
2004-11-24,0.0268
2004-11-26,0.027
2004-11-29,0.0274
2004-11-30,0.0276
2004-12-01,0.0273
2004-12-02,0.0272
2004-12-03,0.0268
2004-12-06,0.0266
2004-12-07,0.0266
2004-12-08,0.0266
2004-12-09,0.0264
2004-12-10,0.0259
2004-12-13,0.0262
2004-12-14,0.0264
2004-12-15,0.0265
2004-12-16,0.0268
2004-12-17,0.0269
2004-12-20,0.027
2004-12-21,0.0271
2004-12-22,0.0268
2004-12-23,0.027
2004-12-27,0.0271
2004-12-28,0.0271
2004-12-29,0.027
2004-12-30,0.0267
2004-12-31,0.0264
2005-01-03,0.0262
2005-01-04,0.0262
2005-01-05,0.026
2005-01-06,0.0259
2005-01-07,0.0257
2005-01-10,0.0262
2005-01-11,0.026
2005-01-12,0.026
2005-01-13,0.026
2005-01-14,0.0258
2005-01-18,0.0257
2005-01-19,0.0256
2005-01-20,0.0252
2005-01-21,0.0251
2005-01-24,0.0252
2005-01-25,0.0255
2005-01-26,0.0258
2005-01-27,0.0259
2005-01-28,0.0258
2005-01-31,0.0258
2005-02-01,0.0256
2005-02-02,0.0255
2005-02-03,0.0256
2005-02-04,0.0257
2005-02-07,0.0256
2005-02-08,0.0261
2005-02-09,0.0263
2005-02-10,0.0266
2005-02-11,0.027
2005-02-14,0.0272
2005-02-15,0.0265
2005-02-16,0.0268
2005-02-17,0.027
2005-02-18,0.0278
2005-02-22,0.0281
2005-02-23,0.0281
2005-02-24,0.0281
2005-02-25,0.028
2005-02-28,0.0282
2005-03-01,0.0285
2005-03-02,0.0286
2005-03-03,0.0287
2005-03-04,0.0285
2005-03-07,0.0286
2005-03-08,0.0289
2005-03-09,0.0293
2005-03-10,0.0288
2005-03-11,0.0288
2005-03-14,0.0286
2005-03-15,0.0288
2005-03-16,0.0289
2005-03-17,0.0291
2005-03-18,0.0292
2005-03-21,0.029
2005-03-22,0.0294
2005-03-23,0.0286
2005-03-24,0.0285
2005-03-28,0.0285
2005-03-29,0.0285
2005-03-30,0.0284
2005-03-31,0.0287
2005-04-01,0.0285
2005-04-04,0.0285
2005-04-05,0.0283
2005-04-06,0.0279
2005-04-07,0.0277
2005-04-08,0.028
2005-04-11,0.0278
2005-04-12,0.0276
2005-04-13,0.0272
2005-04-14,0.0273
2005-04-15,0.027
2005-04-18,0.0271
2005-04-19,0.0272
2005-04-20,0.0275
2005-04-21,0.028
2005-04-22,0.0281
2005-04-25,0.0279
2005-04-26,0.0279
2005-04-27,0.0275
2005-04-28,0.0274
2005-04-29,0.0273
2005-05-02,0.027
2005-05-03,0.0266
2005-05-04,0.0266
2005-05-05,0.0264
2005-05-06,0.0268
2005-05-09,0.0271
2005-05-10,0.0269
2005-05-11,0.0267
2005-05-12,0.026
2005-05-13,0.0253
2005-05-16,0.0253
2005-05-17,0.0254
2005-05-18,0.0249
2005-05-19,0.025
2005-05-20,0.0255
2005-05-23,0.025
2005-05-24,0.0248
2005-05-25,0.025
2005-05-26,0.0247
2005-05-27,0.025
2005-05-31,0.0247
2005-06-01,0.0244
2005-06-02,0.0242
2005-06-03,0.0242
2005-06-06,0.0243
2005-06-07,0.0239
2005-06-08,0.0239
2005-06-09,0.0239
2005-06-10,0.0237
2005-06-13,0.0238
2005-06-14,0.0239
2005-06-15,0.0238
2005-06-16,0.0239
2005-06-17,0.0243
2005-06-20,0.0242
2005-06-21,0.024
2005-06-22,0.0232
2005-06-23,0.0234
2005-06-24,0.0232
2005-06-27,0.0235
2005-06-28,0.0236
2005-06-29,0.0235
2005-06-30,0.0231
2005-07-01,0.0234
2005-07-05,0.0235
2005-07-06,0.0234
2005-07-07,0.0233
2005-07-08,0.0233
2005-07-11,0.0236
2005-07-12,0.0237
2005-07-13,0.0235
2005-07-14,0.0227
2005-07-15,0.0223
2005-07-18,0.0222
2005-07-19,0.0225
2005-07-20,0.0227
2005-07-21,0.0232
2005-07-22,0.0232
2005-07-25,0.023
2005-07-26,0.023
2005-07-27,0.0231
2005-07-28,0.0231
2005-07-29,0.0232
2005-08-01,0.0237
2005-08-02,0.0237
2005-08-03,0.0238
2005-08-04,0.0238
2005-08-05,0.0241
2005-08-08,0.0243
2005-08-09,0.0239
2005-08-10,0.0239
2005-08-11,0.0238
2005-08-12,0.0238
2005-08-15,0.0241
2005-08-16,0.0242
2005-08-17,0.0242
2005-08-18,0.024
2005-08-19,0.0242
2005-08-22,0.0241
2005-08-23,0.0242
2005-08-24,0.0242
2005-08-25,0.0244
2005-08-26,0.0244
2005-08-29,0.0245
2005-08-30,0.0251
2005-08-31,0.0244
2005-09-01,0.0247
2005-09-02,0.0253
2005-09-06,0.0249
2005-09-07,0.025
2005-09-08,0.0256
2005-09-09,0.0262
2005-09-12,0.0261
2005-09-13,0.0259
2005-09-14,0.026
2005-09-15,0.0262
2005-09-16,0.0265
2005-09-19,0.0267
2005-09-20,0.0263
2005-09-21,0.0265
2005-09-22,0.0263
2005-09-23,0.0264
2005-09-26,0.0263
2005-09-27,0.0266
2005-09-28,0.0267
2005-09-29,0.0269
2005-09-30,0.0272
2005-10-03,0.0271
2005-10-04,0.0268
2005-10-05,0.0266
2005-10-06,0.0259
2005-10-07,0.0259
2005-10-11,0.026
2005-10-12,0.0261
2005-10-13,0.0259
2005-10-14,0.0263
2005-10-17,0.0268
2005-10-18,0.0268
2005-10-19,0.0266
2005-10-20,0.0265
2005-10-21,0.026
2005-10-24,0.0261
2005-10-25,0.026
2005-10-26,0.0262
2005-10-27,0.0262
2005-10-28,0.0264
2005-10-31,0.0264
2005-11-01,0.0263
2005-11-02,0.0263
2005-11-03,0.0264
2005-11-04,0.0266
2005-11-07,0.0264
2005-11-08,0.0259
2005-11-09,0.0256
2005-11-10,0.0247
2005-11-14,0.0244
2005-11-15,0.0243
2005-11-16,0.024
2005-11-17,0.0239
2005-11-18,0.0238
2005-11-21,0.024
2005-11-22,0.0241
2005-11-23,0.0241
2005-11-25,0.024
2005-11-28,0.0238
2005-11-29,0.0237
2005-11-30,0.0235
2005-12-01,0.0237
2005-12-02,0.0236
2005-12-05,0.0241
2005-12-06,0.0236
2005-12-07,0.0231
2005-12-08,0.0228
2005-12-09,0.0231
2005-12-12,0.0234
2005-12-13,0.0234
2005-12-14,0.0232
2005-12-15,0.0232
2005-12-16,0.0228
2005-12-19,0.0228
2005-12-20,0.023
2005-12-21,0.0229
2005-12-22,0.0228
2005-12-23,0.0226
2005-12-27,0.0225
2005-12-28,0.0223
2005-12-29,0.0226
2005-12-30,0.023
2006-01-03,0.023
2006-01-04,0.0231
2006-01-05,0.0228
2006-01-06,0.0233
2006-01-09,0.0235
2006-01-10,0.0238
2006-01-11,0.0239
2006-01-12,0.0241
2006-01-13,0.0238
2006-01-17,0.024
2006-01-18,0.024
2006-01-19,0.0241
2006-01-20,0.0247
2006-01-23,0.0246
2006-01-24,0.0245
2006-01-25,0.0243
2006-01-26,0.0247
2006-01-27,0.0252
2006-01-30,0.0254
2006-01-31,0.0258
2006-02-01,0.0257
2006-02-02,0.0255
2006-02-03,0.0257
2006-02-06,0.0258
2006-02-07,0.0257
2006-02-08,0.0254
2006-02-09,0.0255
2006-02-10,0.0257
2006-02-13,0.0255
2006-02-14,0.0252
2006-02-15,0.0252
2006-02-16,0.0256
2006-02-17,0.026
2006-02-21,0.0262
2006-02-22,0.0264
2006-02-23,0.0266
2006-02-24,0.027
2006-02-27,0.027
2006-02-28,0.0268
2006-03-01,0.0271
2006-03-02,0.0274
2006-03-03,0.0276
2006-03-06,0.0273
2006-03-07,0.0271
2006-03-08,0.0266
2006-03-09,0.0266
2006-03-10,0.0262
2006-03-13,0.0261
2006-03-14,0.0261
2006-03-15,0.0262
2006-03-16,0.0262
2006-03-17,0.0262
2006-03-20,0.026
2006-03-21,0.0257
2006-03-22,0.0256
2006-03-23,0.0258
2006-03-24,0.0255
2006-03-27,0.0255
2006-03-28,0.0257
2006-03-29,0.0255
2006-03-30,0.0258
2006-03-31,0.0258
2006-04-03,0.0259
2006-04-04,0.0255
2006-04-05,0.0256
2006-04-06,0.0259
2006-04-07,0.0258
2006-04-10,0.026
2006-04-11,0.0263
2006-04-12,0.0266
2006-04-13,0.0266
2006-04-17,0.0268
2006-04-18,0.0269
2006-04-19,0.0275
2006-04-20,0.0272
2006-04-21,0.0273
2006-04-24,0.0269
2006-04-25,0.026
2006-04-26,0.0263
2006-04-27,0.0262
2006-04-28,0.0267
2006-05-01,0.0272
2006-05-02,0.0271
2006-05-03,0.0271
2006-05-04,0.0269
2006-05-05,0.027
2006-05-08,0.0269
2006-05-09,0.0272
2006-05-10,0.0273
2006-05-11,0.0278
2006-05-12,0.0278
2006-05-15,0.0271
2006-05-16,0.0269
2006-05-17,0.0271
2006-05-18,0.0269
2006-05-19,0.0265
2006-05-22,0.0263
2006-05-23,0.0268
2006-05-24,0.0264
2006-05-25,0.0264
2006-05-26,0.0265
2006-05-30,0.0267
2006-05-31,0.0268
2006-06-01,0.0269
2006-06-02,0.0266
2006-06-05,0.0266
2006-06-06,0.0262
2006-06-07,0.0259
2006-06-08,0.0258
2006-06-09,0.026
2006-06-12,0.0258
2006-06-13,0.0256
2006-06-14,0.0261
2006-06-15,0.0264
2006-06-16,0.0263
2006-06-19,0.0261
2006-06-20,0.0261
2006-06-21,0.0261
2006-06-22,0.0262
2006-06-23,0.0263
2006-06-26,0.0261
2006-06-27,0.0261
2006-06-28,0.0259
2006-06-29,0.026
2006-06-30,0.0263
2006-07-03,0.0262
2006-07-05,0.0262
2006-07-06,0.0263
2006-07-07,0.0263
2006-07-10,0.0261
2006-07-11,0.0259
2006-07-12,0.0259
2006-07-13,0.0258
2006-07-14,0.0258
2006-07-17,0.0259
2006-07-18,0.0258
2006-07-19,0.0257
2006-07-20,0.0258
2006-07-21,0.0257
2006-07-24,0.0255
2006-07-25,0.0257
2006-07-26,0.0258
2006-07-27,0.0257
2006-07-28,0.0254
2006-07-31,0.0254
2006-08-01,0.0255
2006-08-02,0.0258
2006-08-03,0.0259
2006-08-04,0.0259
2006-08-07,0.0261
2006-08-08,0.0262
2006-08-09,0.0265
2006-08-10,0.0262
2006-08-11,0.0264
2006-08-14,0.0264
2006-08-15,0.0261
2006-08-16,0.0256
2006-08-17,0.0255
2006-08-18,0.0255
2006-08-21,0.0255
2006-08-22,0.0256
2006-08-23,0.0252
2006-08-24,0.0249
2006-08-25,0.025
2006-08-28,0.0246
2006-08-29,0.0247
2006-08-30,0.0241
2006-08-31,0.0244
2006-09-01,0.024
2006-09-05,0.0239
2006-09-06,0.0241
2006-09-07,0.0236
2006-09-08,0.0232
2006-09-11,0.0231
2006-09-12,0.023
2006-09-13,0.0231
2006-09-14,0.0235
2006-09-15,0.0231
2006-09-18,0.0231
2006-09-19,0.0227
2006-09-20,0.0222
2006-09-21,0.022
2006-09-22,0.022
2006-09-25,0.0219
2006-09-26,0.0223
2006-09-27,0.0224
2006-09-28,0.0224
2006-09-29,0.0225
2006-10-02,0.0225
2006-10-03,0.0221
2006-10-04,0.0217
2006-10-05,0.0217
2006-10-06,0.0218
2006-10-10,0.022
2006-10-11,0.0221
2006-10-12,0.022
2006-10-13,0.022
2006-10-16,0.022
2006-10-17,0.0217
2006-10-18,0.0216
2006-10-19,0.0214
2006-10-20,0.0215
2006-10-23,0.0215
2006-10-24,0.0218
2006-10-25,0.022
2006-10-26,0.0217
2006-10-27,0.0216
2006-10-30,0.0213
2006-10-31,0.021
2006-11-01,0.0211
2006-11-02,0.0211
2006-11-03,0.0218
2006-11-06,0.0221
2006-11-07,0.0219
2006-11-08,0.022
2006-11-09,0.0219
2006-11-10,0.022
2006-11-13,0.0218
2006-11-14,0.0216
2006-11-15,0.0217
2006-11-16,0.0214
2006-11-17,0.0212
2006-11-20,0.0213
2006-11-21,0.0215
2006-11-22,0.0215
2006-11-24,0.0217
2006-11-27,0.0221
2006-11-28,0.0222
2006-11-29,0.0223
2006-11-30,0.0224
2006-12-01,0.0227
2006-12-04,0.0226
2006-12-05,0.0227
2006-12-06,0.0227
2006-12-07,0.0227
2006-12-08,0.0228
2006-12-11,0.0229
2006-12-12,0.0227
2006-12-13,0.0228
2006-12-14,0.0232
2006-12-15,0.0225
2006-12-18,0.0222
2006-12-19,0.0223
2006-12-20,0.0222
2006-12-21,0.0219
2006-12-22,0.0221
2006-12-26,0.0221
2006-12-27,0.022
2006-12-28,0.0223
2006-12-29,0.0226
2007-01-02,0.0227
2007-01-03,0.0227
2007-01-04,0.0222
2007-01-05,0.0224
2007-01-08,0.0224
2007-01-09,0.0222
2007-01-10,0.0222
2007-01-11,0.0223
2007-01-12,0.0223
2007-01-16,0.0222
2007-01-17,0.0224
2007-01-18,0.0223
2007-01-19,0.0225
2007-01-22,0.0229
2007-01-23,0.0231
2007-01-24,0.0234
2007-01-25,0.0233
2007-01-26,0.0236
2007-01-29,0.0237
2007-01-30,0.0239
2007-01-31,0.0242
2007-02-01,0.0241
2007-02-02,0.0242
2007-02-05,0.024
2007-02-06,0.0238
2007-02-07,0.0236
2007-02-08,0.0236
2007-02-09,0.0237
2007-02-12,0.0234
2007-02-13,0.0236
2007-02-14,0.0234
2007-02-15,0.023
2007-02-16,0.0232
2007-02-20,0.0232
2007-02-21,0.0234
2007-02-22,0.0239
2007-02-23,0.0241
2007-02-26,0.0241
2007-02-27,0.0239
2007-02-28,0.024
2007-03-01,0.0239
2007-03-02,0.024
2007-03-05,0.0239
2007-03-06,0.024
2007-03-07,0.024
2007-03-08,0.0239
2007-03-09,0.0242
2007-03-12,0.024
2007-03-13,0.024
2007-03-14,0.0241
2007-03-15,0.0242
2007-03-16,0.0244
2007-03-19,0.0246
2007-03-20,0.0245
2007-03-21,0.0244
2007-03-22,0.0247
2007-03-23,0.0249
2007-03-26,0.0248
2007-03-27,0.0251
2007-03-28,0.0252
2007-03-29,0.0253
2007-03-30,0.0251
2007-04-02,0.025
2007-04-03,0.0247
2007-04-04,0.0249
2007-04-05,0.0251
2007-04-06,0.0255
2007-04-09,0.0252
2007-04-10,0.0251
2007-04-11,0.0252
2007-04-12,0.0252
2007-04-13,0.025
2007-04-16,0.0249
2007-04-17,0.0244
2007-04-18,0.0241
2007-04-19,0.0244
2007-04-20,0.0244
2007-04-23,0.0246
2007-04-24,0.0242
2007-04-25,0.0245
2007-04-26,0.0246
2007-04-27,0.0247
2007-04-30,0.0245
2007-05-01,0.0247
2007-05-02,0.0247
2007-05-03,0.0245
2007-05-04,0.0242
2007-05-07,0.0237
2007-05-08,0.0238
2007-05-09,0.0238
2007-05-10,0.0241
2007-05-11,0.0238
2007-05-14,0.0241
2007-05-15,0.0235
2007-05-16,0.0234
2007-05-17,0.0236
2007-05-18,0.0237
2007-05-21,0.0235
2007-05-22,0.0234
2007-05-23,0.0235
2007-05-24,0.0236
2007-05-25,0.0237
2007-05-29,0.0232
2007-05-30,0.0233
2007-05-31,0.0233
2007-06-01,0.0234
2007-06-04,0.0236
2007-06-05,0.0235
2007-06-06,0.0237
2007-06-07,0.0238
2007-06-08,0.0238
2007-06-11,0.0238
2007-06-12,0.0239
2007-06-13,0.0239
2007-06-14,0.0242
2007-06-15,0.0242
2007-06-18,0.0239
2007-06-19,0.0238
2007-06-20,0.0237
2007-06-21,0.0237
2007-06-22,0.0239
2007-06-25,0.0237
2007-06-26,0.0235
2007-06-27,0.0233
2007-06-28,0.0236
2007-06-29,0.0233
2007-07-02,0.0234
2007-07-03,0.0234
2007-07-05,0.0236
2007-07-06,0.0238
2007-07-09,0.0239
2007-07-10,0.0236
2007-07-11,0.0235
2007-07-12,0.0236
2007-07-13,0.0234
2007-07-16,0.0229
2007-07-17,0.0227
2007-07-18,0.023
2007-07-19,0.0231
2007-07-20,0.0228
2007-07-23,0.0224
2007-07-24,0.0224
2007-07-25,0.0225
2007-07-26,0.0218
2007-07-27,0.0215
2007-07-30,0.0217
2007-07-31,0.0217
2007-08-01,0.0217
2007-08-02,0.0215
2007-08-03,0.0211
2007-08-06,0.0208
2007-08-07,0.0209
2007-08-08,0.0211
2007-08-09,0.0208
2007-08-10,0.0207
2007-08-13,0.0207
2007-08-14,0.0207
2007-08-15,0.0204
2007-08-16,0.0199
2007-08-17,0.0203
2007-08-20,0.0199
2007-08-21,0.0199
2007-08-22,0.0201
2007-08-23,0.0203
2007-08-24,0.0203
2007-08-27,0.0203
2007-08-28,0.0196
2007-08-29,0.0199
2007-08-30,0.0195
2007-08-31,0.0197
2007-09-04,0.0197
2007-09-05,0.0197
2007-09-06,0.0197
2007-09-07,0.0196
2007-09-10,0.0198
2007-09-11,0.0201
2007-09-12,0.0204
2007-09-13,0.0207
2007-09-14,0.0207
2007-09-17,0.0208
2007-09-18,0.021
2007-09-19,0.0212
2007-09-20,0.0213
2007-09-21,0.0213
2007-09-24,0.021
2007-09-25,0.0207
2007-09-26,0.0208
2007-09-27,0.0211
2007-09-28,0.0211
2007-10-01,0.0213
2007-10-02,0.0212
2007-10-03,0.0213
2007-10-04,0.0213
2007-10-05,0.0214
2007-10-09,0.0218
2007-10-10,0.0218
2007-10-11,0.0219
2007-10-12,0.022
2007-10-15,0.0222
2007-10-16,0.0223
2007-10-17,0.0221
2007-10-18,0.0221
2007-10-19,0.0219
2007-10-22,0.022
2007-10-23,0.0217
2007-10-24,0.0216
2007-10-25,0.0222
2007-10-26,0.0224
2007-10-29,0.0225
2007-10-30,0.0225
2007-10-31,0.0226
2007-11-01,0.0228
2007-11-02,0.0231
2007-11-05,0.0235
2007-11-06,0.024
2007-11-07,0.0238
2007-11-08,0.0234
2007-11-09,0.0237
2007-11-13,0.0238
2007-11-14,0.0236
2007-11-15,0.0232
2007-11-16,0.0231
2007-11-19,0.0231
2007-11-20,0.0232
2007-11-21,0.0229
2007-11-23,0.0228
2007-11-26,0.0227
2007-11-27,0.0227
2007-11-28,0.0225
2007-11-29,0.0226
2007-11-30,0.0224
2007-12-03,0.022
2007-12-04,0.0217
2007-12-05,0.0213
2007-12-06,0.0214
2007-12-07,0.0214
2007-12-10,0.0214
2007-12-11,0.021
2007-12-12,0.0215
2007-12-13,0.0219
2007-12-14,0.0224
2007-12-17,0.0225
2007-12-18,0.0226
2007-12-19,0.0225
2007-12-20,0.0223
2007-12-21,0.0226
2007-12-24,0.0228
2007-12-26,0.0229
2007-12-27,0.0233
2007-12-28,0.0229
2007-12-31,0.0227
2008-01-02,0.0228
2008-01-03,0.0228
2008-01-04,0.0225
2008-01-07,0.0222
2008-01-08,0.0221
2008-01-09,0.0216
2008-01-10,0.0212
2008-01-11,0.0215
2008-01-14,0.0219
2008-01-15,0.0216
2008-01-16,0.0211
2008-01-17,0.0206
2008-01-18,0.0204
2008-01-22,0.0197
2008-01-23,0.0192
2008-01-24,0.0199
2008-01-25,0.0205
2008-01-28,0.0205
2008-01-29,0.021
2008-01-30,0.0212
2008-01-31,0.0215
2008-02-01,0.0209
2008-02-04,0.0204
2008-02-05,0.0198
2008-02-06,0.0196
2008-02-07,0.0199
2008-02-08,0.0202
2008-02-11,0.0205
2008-02-12,0.0206
2008-02-13,0.0203
2008-02-14,0.0203
2008-02-15,0.0208
2008-02-19,0.0215
2008-02-20,0.0225
2008-02-21,0.0217
2008-02-22,0.0217
2008-02-25,0.0227
2008-02-26,0.0232
2008-02-27,0.0232
2008-02-28,0.0234
2008-02-29,0.023
2008-03-03,0.0229
2008-03-04,0.0233
2008-03-05,0.0236
2008-03-06,0.0237
2008-03-07,0.0237
2008-03-10,0.0236
2008-03-11,0.0241
2008-03-12,0.0237
2008-03-13,0.0238
2008-03-14,0.0225
2008-03-17,0.021
2008-03-18,0.0221
2008-03-19,0.0214
2008-03-20,0.0214
2008-03-24,0.0217
2008-03-25,0.0213
2008-03-26,0.0213
2008-03-27,0.0221
2008-03-28,0.0221
2008-03-31,0.0219
2008-04-01,0.0221
2008-04-02,0.0221
2008-04-03,0.0221
2008-04-04,0.0218
2008-04-07,0.0223
2008-04-08,0.0219
2008-04-09,0.0217
2008-04-10,0.0219
2008-04-11,0.0217
2008-04-14,0.0217
2008-04-15,0.022
2008-04-16,0.0222
2008-04-17,0.0222
2008-04-18,0.0224
2008-04-21,0.0225
2008-04-22,0.0224
2008-04-23,0.0225
2008-04-24,0.0226
2008-04-25,0.0231
2008-04-28,0.023
2008-04-29,0.0229
2008-04-30,0.0226
2008-05-01,0.0227
2008-05-02,0.0232
2008-05-05,0.0229
2008-05-06,0.0231
2008-05-07,0.0229
2008-05-08,0.023
2008-05-09,0.0232
2008-05-12,0.023
2008-05-13,0.0232
2008-05-14,0.0236
2008-05-15,0.0235
2008-05-16,0.0237
2008-05-19,0.024
2008-05-20,0.0242
2008-05-21,0.0247
2008-05-22,0.0247
2008-05-23,0.0242
2008-05-27,0.024
2008-05-28,0.0239
2008-05-29,0.024
2008-05-30,0.024
2008-06-02,0.024
2008-06-03,0.0236
2008-06-04,0.0232
2008-06-05,0.0237
2008-06-06,0.0245
2008-06-09,0.0248
2008-06-10,0.0248
2008-06-11,0.0251
2008-06-12,0.0254
2008-06-13,0.0256
2008-06-16,0.0258
2008-06-17,0.0255
2008-06-18,0.0257
2008-06-19,0.0255
2008-06-20,0.0253
2008-06-23,0.0256
2008-06-24,0.0257
2008-06-25,0.0257
2008-06-26,0.0264
2008-06-27,0.0262
2008-06-30,0.0263
2008-07-01,0.0266
2008-07-02,0.027
2008-07-03,0.0272
2008-07-07,0.0263
2008-07-08,0.0252
2008-07-09,0.0254
2008-07-10,0.0257
2008-07-11,0.026
2008-07-14,0.0258
2008-07-15,0.0255
2008-07-16,0.0256
2008-07-17,0.0254
2008-07-18,0.025
2008-07-21,0.0247
2008-07-22,0.0242
2008-07-23,0.0229
2008-07-24,0.0228
2008-07-25,0.0224
2008-07-28,0.0225
2008-07-29,0.0218
2008-07-30,0.0222
2008-07-31,0.0216
2008-08-01,0.0217
2008-08-04,0.0214
2008-08-05,0.021
2008-08-06,0.0208
2008-08-07,0.0209
2008-08-08,0.0204
2008-08-11,0.0201
2008-08-12,0.0199
2008-08-13,0.0201
2008-08-14,0.0202
2008-08-15,0.0195
2008-08-18,0.0192
2008-08-19,0.0192
2008-08-20,0.0194
2008-08-21,0.0202
2008-08-22,0.0194
2008-08-25,0.0188
2008-08-26,0.019
2008-08-27,0.0192
2008-08-28,0.0194
2008-08-29,0.0189
2008-09-02,0.0172
2008-09-03,0.0166
2008-09-04,0.0159
2008-09-05,0.016
2008-09-08,0.0162
2008-09-09,0.0152
2008-09-10,0.0152
2008-09-11,0.0151
2008-09-12,0.015
2008-09-15,0.0123
2008-09-16,0.0103
2008-09-17,0.0104
2008-09-18,0.0102
2008-09-19,0.0137
2008-09-22,0.0144
2008-09-23,0.0125
2008-09-24,0.0109
2008-09-25,0.0118
2008-09-26,0.0115
2008-09-29,0.0094
2008-09-30,0.0097
2008-10-01,0.0095
2008-10-02,0.0093
2008-10-03,0.0096
2008-10-06,0.0075
2008-10-07,0.0062
2008-10-08,0.0043
2008-10-09,0.0047
2008-10-10,0.002
2008-10-14,0.0024
2008-10-15,0.0014
2008-10-16,-0.0004
2008-10-17,0.0004
2008-10-20,0.0009
2008-10-21,-0.0012
2008-10-22,-0.0024
2008-10-23,-0.0039
2008-10-24,-0.008
2008-10-27,-0.0107
2008-10-28,-0.0104
2008-10-29,-0.0096
2008-10-30,-0.0081
2008-10-31,-0.0096
2008-11-03,-0.0095
2008-11-04,-0.0089
2008-11-05,-0.009
2008-11-06,-0.0102
2008-11-07,-0.01
2008-11-10,-0.0101
2008-11-12,-0.0109
2008-11-13,-0.0107
2008-11-14,-0.011
2008-11-17,-0.0112
2008-11-18,-0.0129
2008-11-19,-0.0153
2008-11-20,-0.0179
2008-11-21,-0.0194
2008-11-24,-0.0195
2008-11-25,-0.0206
2008-11-26,-0.0223
2008-11-28,-0.0224
2008-12-01,-0.0032
2008-12-02,-0.0008
2008-12-03,0.0003
2008-12-04,0.0004
2008-12-05,-0.0012
2008-12-08,-0.0028
2008-12-09,-0.0033
2008-12-10,-0.0036
2008-12-11,-0.0035
2008-12-12,-0.0038
2008-12-15,-0.0059
2008-12-16,-0.003
2008-12-17,0.0009
2008-12-18,-0.0011
2008-12-19,-0.0031
2008-12-22,-0.0037
2008-12-23,-0.0027
2008-12-24,-0.0027
2008-12-26,-0.0028
2008-12-29,-0.0021
2008-12-30,-0.0025
2008-12-31,-0.0026
2009-01-02,-0.0025
2009-01-05,-0.0019
2009-01-06,-0.0014
2009-01-07,-0.0009
2009-01-08,-0.0008
2009-01-09,-0.0009
2009-01-12,-0.001
2009-01-13,-0.0003
2009-01-14,-0.0013
2009-01-15,-0.001
2009-01-16,0.0
2009-01-20,0.0003
2009-01-21,0.0004
2009-01-22,0.0009
2009-01-23,0.0009
2009-01-26,0.001
2009-01-27,0.0015
2009-01-28,0.0025
2009-01-29,0.003
2009-01-30,0.0038
2009-02-02,0.0034
2009-02-03,0.0043
2009-02-04,0.0051
2009-02-05,0.0051
2009-02-06,0.007
2009-02-09,0.0093
2009-02-10,0.0076
2009-02-11,0.0066
2009-02-12,0.0051
2009-02-13,0.0067
2009-02-17,0.0045
2009-02-18,0.005
2009-02-19,0.0062
2009-02-20,0.0057
2009-02-23,0.006
2009-02-24,0.0053
2009-02-25,0.006
2009-02-26,0.0059
2009-02-27,0.0058
2009-03-02,0.0052
2009-03-03,0.0042
2009-03-04,0.0047
2009-03-05,0.0042
2009-03-06,0.0037
2009-03-09,0.0038
2009-03-10,0.0038
2009-03-11,0.0039
2009-03-12,0.0051
2009-03-13,0.005
2009-03-16,0.0056
2009-03-17,0.0059
2009-03-18,0.006
2009-03-19,0.0066
2009-03-20,0.0063
2009-03-23,0.0064
2009-03-24,0.0073
2009-03-25,0.0082
2009-03-26,0.0095
2009-03-27,0.009
2009-03-30,0.0078
2009-03-31,0.0073
2009-04-01,0.0072
2009-04-02,0.0074
2009-04-03,0.008
2009-04-06,0.0088
2009-04-07,0.008
2009-04-08,0.0078
2009-04-09,0.0082
2009-04-13,0.0077
2009-04-14,0.0075
2009-04-15,0.0069
2009-04-16,0.0073
2009-04-17,0.0073
2009-04-20,0.0061
2009-04-21,0.0062
2009-04-22,0.0064
2009-04-23,0.0064
2009-04-24,0.0073
2009-04-27,0.0075
2009-04-28,0.0081
2009-04-29,0.0087
2009-04-30,0.0082
2009-05-01,0.0079
2009-05-04,0.0084
2009-05-05,0.0086
2009-05-06,0.0093
2009-05-07,0.0105
2009-05-08,0.0104
2009-05-11,0.01
2009-05-12,0.0099
2009-05-13,0.0096
2009-05-14,0.0096
2009-05-15,0.01
2009-05-18,0.0103
2009-05-19,0.0109
2009-05-20,0.0109
2009-05-21,0.0113
2009-05-22,0.0119
2009-05-26,0.0125
2009-05-27,0.0137
2009-05-28,0.0133
2009-05-29,0.0136
2009-06-01,0.0153
2009-06-02,0.0159
2009-06-03,0.015
2009-06-04,0.0155
2009-06-05,0.0171
2009-06-08,0.0171
2009-06-09,0.0175
2009-06-10,0.0185
2009-06-11,0.0178
2009-06-12,0.0167
2009-06-15,0.016
2009-06-16,0.0153
2009-06-17,0.0143
2009-06-18,0.0153
2009-06-19,0.0154
2009-06-22,0.0144
2009-06-23,0.0143
2009-06-24,0.0134
2009-06-25,0.0133
2009-06-26,0.0121
2009-06-29,0.0121
2009-06-30,0.0134
2009-07-01,0.0135
2009-07-02,0.0127
2009-07-06,0.0122
2009-07-07,0.0122
2009-07-08,0.0112
2009-07-09,0.011
2009-07-10,0.0106
2009-07-13,0.0106
2009-07-14,0.0115
2009-07-15,0.0127
2009-07-16,0.0128
2009-07-17,0.0137
2009-07-20,0.014
2009-07-21,0.0133
2009-07-22,0.0134
2009-07-23,0.0143
2009-07-24,0.0139
2009-07-27,0.0142
2009-07-28,0.0138
2009-07-29,0.0139
2009-07-30,0.0138
2009-07-31,0.0132
2009-08-03,0.0138
2009-08-04,0.0142
2009-08-05,0.0144
2009-08-06,0.0139
2009-08-07,0.0148
2009-08-10,0.0142
2009-08-11,0.0136
2009-08-12,0.0134
2009-08-13,0.0124
2009-08-14,0.0113
2009-08-17,0.0108
2009-08-18,0.0116
2009-08-19,0.012
2009-08-20,0.013
2009-08-21,0.0136
2009-08-24,0.0129
2009-08-25,0.0121
2009-08-26,0.012
2009-08-27,0.0121
2009-08-28,0.0118
2009-08-31,0.0112
2009-09-01,0.0111
2009-09-02,0.0107
2009-09-03,0.0115
2009-09-04,0.0124
2009-09-08,0.0132
2009-09-09,0.0136
2009-09-10,0.0132
2009-09-11,0.0136
2009-09-14,0.0141
2009-09-15,0.0145
2009-09-16,0.0152
2009-09-17,0.0146
2009-09-18,0.0145
2009-09-21,0.0139
2009-09-22,0.0142
2009-09-23,0.014
2009-09-24,0.0136
2009-09-25,0.0136
2009-09-28,0.0135
2009-09-29,0.0134
2009-09-30,0.0137
2009-10-01,0.0133
2009-10-02,0.0133
2009-10-05,0.0132
2009-10-06,0.0137
2009-10-07,0.0135
2009-10-08,0.0139
2009-10-09,0.0146
2009-10-13,0.0147
2009-10-14,0.0151
2009-10-15,0.0156
2009-10-16,0.0157
2009-10-19,0.0163
2009-10-20,0.0157
2009-10-21,0.0155
2009-10-22,0.0151
2009-10-23,0.0156
2009-10-26,0.016
2009-10-27,0.0161
2009-10-28,0.0157
2009-10-29,0.0164
2009-10-30,0.0161
2009-11-02,0.0163
2009-11-03,0.0163
2009-11-04,0.017
2009-11-05,0.0171
2009-11-06,0.017
2009-11-09,0.0179
2009-11-10,0.0178
2009-11-12,0.0173
2009-11-13,0.0173
2009-11-16,0.0173
2009-11-17,0.0174
2009-11-18,0.018
2009-11-19,0.0178
2009-11-20,0.018
2009-11-23,0.0182
2009-11-24,0.0181
2009-11-25,0.0181
2009-11-27,0.0174
2009-11-30,0.0175
2009-12-01,0.018
2009-12-02,0.0182
2009-12-03,0.0182
2009-12-04,0.0181
2009-12-07,0.0181
2009-12-08,0.0175
2009-12-09,0.0171
2009-12-10,0.0173
2009-12-11,0.0179
2009-12-14,0.0184
2009-12-15,0.019
2009-12-16,0.0193
2009-12-17,0.0188
2009-12-18,0.0192
2009-12-21,0.0198
2009-12-22,0.0201
2009-12-23,0.0202
2009-12-24,0.0205
2009-12-28,0.0208
2009-12-29,0.021
2009-12-30,0.0211
2009-12-31,0.0213
2010-01-04,0.0213
2010-01-05,0.0212
2010-01-06,0.0216
2010-01-07,0.0219
2010-01-08,0.0218
2010-01-11,0.0212
2010-01-12,0.0215
2010-01-13,0.0213
2010-01-14,0.0212
2010-01-15,0.021
2010-01-19,0.0209
2010-01-20,0.0209
2010-01-21,0.0198
2010-01-22,0.0195
2010-01-25,0.0197
2010-01-26,0.0197
2010-01-27,0.0196
2010-01-28,0.0194
2010-01-29,0.0191
2010-02-01,0.0199
2010-02-02,0.0202
2010-02-03,0.0205
2010-02-04,0.0199
2010-02-05,0.0189
2010-02-08,0.0191
2010-02-09,0.0194
2010-02-10,0.0197
2010-02-11,0.0196
2010-02-12,0.0196
2010-02-16,0.0195
2010-02-17,0.0201
2010-02-18,0.0202
2010-02-19,0.0197
2010-02-22,0.0192
2010-02-23,0.019
2010-02-24,0.019
2010-02-25,0.0183
2010-02-26,0.0183
2010-03-01,0.0183
2010-03-02,0.0183
2010-03-03,0.0184
2010-03-04,0.0184
2010-03-05,0.0189
2010-03-08,0.0187
2010-03-09,0.0188
2010-03-10,0.0191
2010-03-11,0.0189
2010-03-12,0.0193
2010-03-15,0.0193
2010-03-16,0.0192
2010-03-17,0.0196
2010-03-18,0.0192
2010-03-19,0.0186
2010-03-22,0.0182
2010-03-23,0.018
2010-03-24,0.0189
2010-03-25,0.0187
2010-03-26,0.0186
2010-03-29,0.0185
2010-03-30,0.0183
2010-03-31,0.0183
2010-04-01,0.0185
2010-04-02,0.0186
2010-04-05,0.0192
2010-04-06,0.0203
2010-04-07,0.0204
2010-04-08,0.0195
2010-04-09,0.0197
2010-04-12,0.0195
2010-04-13,0.0193
2010-04-14,0.0195
2010-04-15,0.0196
2010-04-16,0.019
2010-04-19,0.0191
2010-04-20,0.0196
2010-04-21,0.0195
2010-04-22,0.0195
2010-04-23,0.0199
2010-04-26,0.02
2010-04-27,0.02
2010-04-28,0.02
2010-04-29,0.0206
2010-04-30,0.0201
2010-05-03,0.02
2010-05-04,0.0194
2010-05-05,0.0189
2010-05-06,0.0179
2010-05-07,0.0175
2010-05-10,0.0185
2010-05-11,0.0186
2010-05-12,0.0192
2010-05-13,0.0189
2010-05-14,0.0183
2010-05-17,0.0181
2010-05-18,0.0177
2010-05-19,0.017
2010-05-20,0.0158
2010-05-21,0.0161
2010-05-24,0.0162
2010-05-25,0.0157
2010-05-26,0.0162
2010-05-27,0.0172
2010-05-28,0.0169
2010-06-01,0.0168
2010-06-02,0.0171
2010-06-03,0.0177
2010-06-04,0.0166
2010-06-07,0.0164
2010-06-08,0.0162
2010-06-09,0.0163
2010-06-10,0.0168
2010-06-11,0.0165
2010-06-14,0.0169
2010-06-15,0.0168
2010-06-16,0.0167
2010-06-17,0.0168
2010-06-18,0.0169
2010-06-21,0.0171
2010-06-22,0.0168
2010-06-23,0.0164
2010-06-24,0.016
2010-06-25,0.0161
2010-06-28,0.0157
2010-06-29,0.0154
2010-06-30,0.0154
2010-07-01,0.0148
2010-07-02,0.0148
2010-07-06,0.0141
2010-07-07,0.014
2010-07-08,0.0143
2010-07-09,0.0147
2010-07-12,0.0148
2010-07-13,0.0151
2010-07-14,0.0148
2010-07-15,0.0143
2010-07-16,0.0136
2010-07-19,0.0134
2010-07-20,0.0132
2010-07-21,0.0134
2010-07-22,0.0137
2010-07-23,0.0139
2010-07-26,0.014
2010-07-27,0.0144
2010-07-28,0.0146
2010-07-29,0.0145
2010-07-30,0.0143
2010-08-02,0.015
2010-08-03,0.0151
2010-08-04,0.015
2010-08-05,0.015
2010-08-06,0.0146
2010-08-09,0.0148
2010-08-10,0.0148
2010-08-11,0.0143
2010-08-12,0.0135
2010-08-13,0.0134
2010-08-16,0.0129
2010-08-17,0.0128
2010-08-18,0.0128
2010-08-19,0.0122
2010-08-20,0.0124
2010-08-23,0.0121
2010-08-24,0.0119
2010-08-25,0.0121
2010-08-26,0.0124
2010-08-27,0.0127
2010-08-30,0.0123
2010-08-31,0.0119
2010-09-01,0.0121
2010-09-02,0.012
2010-09-03,0.0125
2010-09-07,0.0124
2010-09-08,0.0123
2010-09-09,0.0129
2010-09-10,0.0134
2010-09-13,0.0134
2010-09-14,0.0128
2010-09-15,0.0129
2010-09-16,0.0129
2010-09-17,0.0125
2010-09-20,0.0124
2010-09-21,0.0129
2010-09-22,0.0132
2010-09-23,0.0129
2010-09-24,0.0131
2010-09-27,0.0129
2010-09-28,0.0131
2010-09-29,0.013
2010-09-30,0.013
2010-10-01,0.0133
2010-10-04,0.0133
2010-10-05,0.014
2010-10-06,0.0145
2010-10-07,0.0141
2010-10-08,0.0148
2010-10-12,0.0148
2010-10-13,0.0157
2010-10-14,0.0167
2010-10-15,0.0158
2010-10-18,0.0153
2010-10-19,0.0151
2010-10-20,0.0148
2010-10-21,0.0152
2010-10-22,0.0156
2010-10-25,0.0162
2010-10-26,0.0163
2010-10-27,0.0159
2010-10-28,0.0152
2010-10-29,0.0148
2010-11-01,0.0151
2010-11-02,0.0149
2010-11-03,0.0151
2010-11-04,0.0152
2010-11-05,0.0157
2010-11-08,0.0158
2010-11-09,0.0158
2010-11-10,0.016
2010-11-12,0.0157
2010-11-15,0.0157
2010-11-16,0.0149
2010-11-17,0.0153
2010-11-18,0.0157
2010-11-19,0.0159
2010-11-22,0.0158
2010-11-23,0.0154
2010-11-24,0.0159
2010-11-26,0.016
2010-11-29,0.0158
2010-11-30,0.0154
2010-12-01,0.016
2010-12-02,0.0164
2010-12-03,0.0162
2010-12-06,0.016
2010-12-07,0.0167
2010-12-08,0.0168
2010-12-09,0.0165
2010-12-10,0.0165
2010-12-13,0.0166
2010-12-14,0.0169
2010-12-15,0.0177
2010-12-16,0.0178
2010-12-17,0.0175
2010-12-20,0.0175
2010-12-21,0.0177
2010-12-22,0.0181
2010-12-23,0.0183
2010-12-27,0.0183
2010-12-28,0.0184
2010-12-29,0.0181
2010-12-30,0.0182
2010-12-31,0.0183
2011-01-03,0.0182
2011-01-04,0.0186
2011-01-05,0.0194
2011-01-06,0.0196
2011-01-07,0.0191
2011-01-10,0.0191
2011-01-11,0.02
2011-01-12,0.02
2011-01-13,0.0195
2011-01-14,0.0193
2011-01-18,0.0195
2011-01-19,0.0194
2011-01-20,0.019
2011-01-21,0.0192
2011-01-24,0.0193
2011-01-25,0.0194
2011-01-26,0.0196
2011-01-27,0.019
2011-01-28,0.0193
2011-01-31,0.0196
2011-02-01,0.0201
2011-02-02,0.0201
2011-02-03,0.02
2011-02-04,0.0199
2011-02-07,0.0198
2011-02-08,0.0195
2011-02-09,0.0194
2011-02-10,0.0192
2011-02-11,0.0188
2011-02-14,0.0186
2011-02-15,0.0191
2011-02-16,0.0194
2011-02-17,0.0197
2011-02-18,0.0204
2011-02-22,0.0209
2011-02-23,0.022
2011-02-24,0.022
2011-02-25,0.0217
2011-02-28,0.0215
2011-03-01,0.0217
2011-03-02,0.0225
2011-03-03,0.0227
2011-03-04,0.0224
2011-03-07,0.0226
2011-03-08,0.0231
2011-03-09,0.0225
2011-03-10,0.0222
2011-03-11,0.0217
2011-03-14,0.0215
2011-03-15,0.0216
2011-03-16,0.0209
2011-03-17,0.0218
2011-03-18,0.0218
2011-03-21,0.022
2011-03-22,0.0219
2011-03-23,0.0216
2011-03-24,0.0222
2011-03-25,0.0219
2011-03-28,0.0218
2011-03-29,0.022
2011-03-30,0.0219
2011-03-31,0.0221
2011-04-01,0.0225
2011-04-04,0.0229
2011-04-05,0.0232
2011-04-06,0.0234
2011-04-07,0.0233
2011-04-08,0.0238
2011-04-11,0.0238
2011-04-12,0.0232
2011-04-13,0.023
2011-04-14,0.0225
2011-04-15,0.0223
2011-04-18,0.0219
2011-04-19,0.0224
2011-04-20,0.0227
2011-04-21,0.0229
2011-04-25,0.023
2011-04-26,0.0232
2011-04-27,0.0237
2011-04-28,0.0241
2011-04-29,0.0245
2011-05-02,0.0244
2011-05-03,0.0242
2011-05-04,0.0241
2011-05-05,0.0228
2011-05-06,0.0225
2011-05-09,0.0229
2011-05-10,0.0231
2011-05-11,0.022
2011-05-12,0.022
2011-05-13,0.0215
2011-05-16,0.0212
2011-05-17,0.0208
2011-05-18,0.0214
2011-05-19,0.021
2011-05-20,0.0207
2011-05-23,0.0203
2011-05-24,0.0207
2011-05-25,0.0208
2011-05-26,0.0206
2011-05-27,0.0203
2011-05-31,0.02
2011-06-01,0.0199
2011-06-02,0.0202
2011-06-03,0.0203
2011-06-06,0.0203
2011-06-07,0.0204
2011-06-08,0.0201
2011-06-09,0.0203
2011-06-10,0.0199
2011-06-13,0.0199
2011-06-14,0.0204
2011-06-15,0.0199
2011-06-16,0.0195
2011-06-17,0.019
2011-06-20,0.0189
2011-06-21,0.0191
2011-06-22,0.019
2011-06-23,0.0181
2011-06-24,0.0179
2011-06-27,0.018
2011-06-28,0.0188
2011-06-29,0.02
2011-06-30,0.0203
2011-07-01,0.0205
2011-07-05,0.0203
2011-07-06,0.0203
2011-07-07,0.021
2011-07-08,0.0201
2011-07-11,0.0201
2011-07-12,0.0201
2011-07-13,0.0199
2011-07-14,0.0198
2011-07-15,0.0198
2011-07-18,0.02
2011-07-19,0.0202
2011-07-20,0.0201
2011-07-21,0.0204
2011-07-22,0.0203
2011-07-25,0.0206
2011-07-26,0.0201
2011-07-27,0.021
2011-07-28,0.0211
2011-07-29,0.0207
2011-08-01,0.0207
2011-08-02,0.0199
2011-08-03,0.0187
2011-08-04,0.0179
2011-08-05,0.0182
2011-08-08,0.0174
2011-08-09,0.0175
2011-08-10,0.0195
2011-08-11,0.0186
2011-08-12,0.0184
2011-08-15,0.018
2011-08-16,0.0174
2011-08-17,0.0173
2011-08-18,0.0162
2011-08-19,0.017
2011-08-22,0.0173
2011-08-23,0.0166
2011-08-24,0.0165
2011-08-25,0.0168
2011-08-26,0.0164
2011-08-29,0.0167
2011-08-30,0.0167
2011-08-31,0.0172
2011-09-01,0.0172
2011-09-02,0.0172
2011-09-06,0.0163
2011-09-07,0.0167
2011-09-08,0.0173
2011-09-09,0.0165
2011-09-12,0.0163
2011-09-13,0.0161
2011-09-14,0.0158
2011-09-15,0.0173
2011-09-16,0.0169
2011-09-19,0.0161
2011-09-20,0.0167
2011-09-21,0.0166
2011-09-22,0.0149
2011-09-23,0.0148
2011-09-26,0.0148
2011-09-27,0.0157
2011-09-28,0.0157
2011-09-29,0.0154
2011-09-30,0.015
2011-10-03,0.0148
2011-10-04,0.0149
2011-10-05,0.015
2011-10-06,0.0158
2011-10-07,0.0163
2011-10-11,0.0165
2011-10-12,0.0167
2011-10-13,0.0161
2011-10-14,0.0166
2011-10-17,0.0166
2011-10-18,0.0172
2011-10-19,0.0171
2011-10-20,0.0172
2011-10-21,0.0174
2011-10-24,0.0176
2011-10-25,0.0176
2011-10-26,0.0183
2011-10-27,0.0194
2011-10-28,0.0193
2011-10-31,0.0188
2011-11-01,0.0182
2011-11-02,0.0191
2011-11-03,0.0191
2011-11-04,0.0193
2011-11-07,0.0194
2011-11-08,0.0189
2011-11-09,0.0187
2011-11-10,0.0188
2011-11-14,0.0184
2011-11-15,0.0176
2011-11-16,0.0168
2011-11-17,0.0159
2011-11-18,0.0164
2011-11-21,0.0159
2011-11-22,0.016
2011-11-23,0.0161
2011-11-25,0.0164
2011-11-28,0.0166
2011-11-29,0.017
2011-11-30,0.0176
2011-12-01,0.0176
2011-12-02,0.0176
2011-12-05,0.0177
2011-12-06,0.0183
2011-12-07,0.0171
2011-12-08,0.0165
2011-12-09,0.0164
2011-12-12,0.0164
2011-12-13,0.0165
2011-12-14,0.016
2011-12-15,0.0161
2011-12-16,0.0158
2011-12-19,0.0164
2011-12-20,0.0172
2011-12-21,0.017
2011-12-22,0.0164
2011-12-23,0.0168
2011-12-27,0.0165
2011-12-28,0.0163
2011-12-29,0.0161
2011-12-30,0.0159
2012-01-03,0.0166
2012-01-04,0.0171
2012-01-05,0.0174
2012-01-06,0.0171
2012-01-09,0.0173
2012-01-10,0.017
2012-01-11,0.0167
2012-01-12,0.0169
2012-01-13,0.0169
2012-01-17,0.017
2012-01-18,0.0173
2012-01-19,0.0175
2012-01-20,0.0176
2012-01-23,0.0177
2012-01-24,0.0181
2012-01-25,0.0183
2012-01-26,0.0186
2012-01-27,0.0188
2012-01-30,0.0187
2012-01-31,0.0188
2012-02-01,0.0189
2012-02-02,0.0189
2012-02-03,0.0188
2012-02-06,0.0191
2012-02-07,0.0195
2012-02-08,0.0191
2012-02-09,0.0191
2012-02-10,0.0188
2012-02-13,0.0197
2012-02-14,0.0192
2012-02-15,0.019
2012-02-16,0.0193
2012-02-17,0.0193
2012-02-21,0.0198
2012-02-22,0.0199
2012-02-23,0.0204
2012-02-24,0.0203
2012-02-27,0.0202
2012-02-28,0.0199
2012-02-29,0.0199
2012-03-01,0.0199
2012-03-02,0.0195
2012-03-05,0.0194
2012-03-06,0.0192
2012-03-07,0.0198
2012-03-08,0.0201
2012-03-09,0.0207
2012-03-12,0.0206
2012-03-13,0.0213
2012-03-14,0.0215
2012-03-15,0.0213
2012-03-16,0.0212
2012-03-19,0.0213
2012-03-20,0.0215
2012-03-21,0.0211
2012-03-22,0.0206
2012-03-23,0.0204
2012-03-26,0.0202
2012-03-27,0.0201
2012-03-28,0.0203
2012-03-29,0.0199
2012-03-30,0.0202
2012-04-02,0.0204
2012-04-03,0.0204
2012-04-04,0.0196
2012-04-05,0.0195
2012-04-06,0.0185
2012-04-09,0.0184
2012-04-10,0.0187
2012-04-11,0.0195
2012-04-12,0.0191
2012-04-13,0.0191
2012-04-16,0.0189
2012-04-17,0.0191
2012-04-18,0.0187
2012-04-19,0.0191
2012-04-20,0.0196
2012-04-23,0.0195
2012-04-24,0.0201
2012-04-25,0.0202
2012-04-26,0.0204
2012-04-27,0.0206
2012-04-30,0.0206
2012-05-01,0.0206
2012-05-02,0.0204
2012-05-03,0.0201
2012-05-04,0.0193
2012-05-07,0.0194
2012-05-08,0.0195
2012-05-09,0.0194
2012-05-10,0.0196
2012-05-11,0.0191
2012-05-14,0.0191
2012-05-15,0.0192
2012-05-16,0.0189
2012-05-17,0.0187
2012-05-18,0.0185
2012-05-21,0.0186
2012-05-22,0.0187
2012-05-23,0.018
2012-05-24,0.0179
2012-05-25,0.0178
2012-05-29,0.0176
2012-05-30,0.0171
2012-05-31,0.0172
2012-06-01,0.0165
2012-06-04,0.0169
2012-06-05,0.0171
2012-06-06,0.0173
2012-06-07,0.0177
2012-06-08,0.0179
2012-06-11,0.0179
2012-06-12,0.0181
2012-06-13,0.018
2012-06-14,0.0179
2012-06-15,0.0186
2012-06-18,0.0185
2012-06-19,0.0187
2012-06-20,0.0188
2012-06-21,0.0177
2012-06-22,0.0174
2012-06-25,0.017
2012-06-26,0.017
2012-06-27,0.0168
2012-06-28,0.0164
2012-06-29,0.0172
2012-07-02,0.0171
2012-07-03,0.0177
2012-07-05,0.018
2012-07-06,0.0176
2012-07-09,0.0177
2012-07-10,0.0179
2012-07-11,0.0179
2012-07-12,0.0176
2012-07-13,0.0178
2012-07-16,0.0178
2012-07-17,0.0178
2012-07-18,0.0179
2012-07-19,0.0182
2012-07-20,0.0177
2012-07-23,0.0175
2012-07-24,0.017
2012-07-25,0.0168
2012-07-26,0.0171
2012-07-27,0.0179
2012-07-30,0.0178
2012-07-31,0.0183
2012-08-01,0.0185
2012-08-02,0.0183
2012-08-03,0.0187
2012-08-06,0.0189
2012-08-07,0.0195
2012-08-08,0.0192
2012-08-09,0.0192
2012-08-10,0.019
2012-08-13,0.019
2012-08-14,0.0191
2012-08-15,0.0189
2012-08-16,0.019
2012-08-17,0.0186
2012-08-20,0.0184
2012-08-21,0.0186
2012-08-22,0.0188
2012-08-23,0.0196
2012-08-24,0.0194
2012-08-27,0.0197
2012-08-28,0.0198
2012-08-29,0.0195
2012-08-30,0.0192
2012-08-31,0.0195
2012-09-04,0.0197
2012-09-05,0.0198
2012-09-06,0.0201
2012-09-07,0.0203
2012-09-10,0.0208
2012-09-11,0.0211
2012-09-12,0.0212
2012-09-13,0.0223
2012-09-14,0.0239
2012-09-17,0.0231
2012-09-18,0.0223
2012-09-19,0.0219
2012-09-20,0.0221
2012-09-21,0.0218
2012-09-24,0.0215
2012-09-25,0.0215
2012-09-26,0.0209
2012-09-27,0.0211
2012-09-28,0.0211
2012-10-01,0.0211
2012-10-02,0.0212
2012-10-03,0.0218
2012-10-04,0.0225
2012-10-05,0.0228
2012-10-09,0.0227
2012-10-10,0.0223
2012-10-11,0.0219
2012-10-12,0.0215
2012-10-15,0.0219
2012-10-16,0.0218
2012-10-17,0.0222
2012-10-18,0.0222
2012-10-19,0.0219
2012-10-22,0.0218
2012-10-23,0.0215
2012-10-24,0.0213
2012-10-25,0.0213
2012-10-26,0.0208
2012-10-29,0.0209
2012-10-31,0.0212
2012-11-01,0.0213
2012-11-02,0.0212
2012-11-05,0.0207
2012-11-06,0.0212
2012-11-07,0.0208
2012-11-08,0.0207
2012-11-09,0.0205
2012-11-13,0.0204
2012-11-14,0.0202
2012-11-15,0.02
2012-11-16,0.0201
2012-11-19,0.0203
2012-11-20,0.0205
2012-11-21,0.0205
2012-11-23,0.0206
2012-11-26,0.0204
2012-11-27,0.0202
2012-11-28,0.0199
2012-11-29,0.02
2012-11-30,0.0201
2012-12-03,0.0204
2012-12-04,0.0204
2012-12-05,0.0206
2012-12-06,0.0206
2012-12-07,0.021
2012-12-10,0.0205
2012-12-11,0.0207
2012-12-12,0.0212
2012-12-13,0.0212
2012-12-14,0.0211
2012-12-17,0.0211
2012-12-18,0.0214
2012-12-19,0.0213
2012-12-20,0.0216
2012-12-21,0.021
2012-12-24,0.0213
2012-12-26,0.0211
2012-12-27,0.0211
2012-12-28,0.0206
2012-12-31,0.0209
2013-01-02,0.0212
2013-01-03,0.0211
2013-01-04,0.0213
2013-01-07,0.0216
2013-01-08,0.0215
2013-01-09,0.0218
2013-01-10,0.022
2013-01-11,0.0218
2013-01-14,0.0212
2013-01-15,0.022
2013-01-16,0.0218
2013-01-17,0.0219
2013-01-18,0.022
2013-01-22,0.0215
2013-01-23,0.0221
2013-01-24,0.0222
2013-01-25,0.0221
2013-01-28,0.0224
2013-01-29,0.0227
2013-01-30,0.0226
2013-01-31,0.0233
2013-02-01,0.0234
2013-02-04,0.0232
2013-02-05,0.0232
2013-02-06,0.0232
2013-02-07,0.0229
2013-02-08,0.0221
2013-02-11,0.0226
2013-02-12,0.022
2013-02-13,0.0226
2013-02-14,0.0222
2013-02-15,0.0219
2013-02-19,0.022
2013-02-20,0.0219
2013-02-21,0.0219
2013-02-22,0.022
2013-02-25,0.0219
2013-02-26,0.0218
2013-02-27,0.0218
2013-02-28,0.0218
2013-03-01,0.022
2013-03-04,0.0222
2013-03-05,0.0226
2013-03-06,0.0227
2013-03-07,0.0222
2013-03-08,0.0218
2013-03-11,0.0228
2013-03-12,0.0227
2013-03-13,0.0229
2013-03-14,0.0231
2013-03-15,0.023
2013-03-18,0.0226
2013-03-19,0.0225
2013-03-20,0.0225
2013-03-21,0.0222
2013-03-22,0.0223
2013-03-25,0.0224
2013-03-26,0.0221
2013-03-27,0.0222
2013-03-28,0.0224
2013-04-01,0.0223
2013-04-02,0.0222
2013-04-03,0.0218
2013-04-04,0.0213
2013-04-05,0.021
2013-04-08,0.0214
2013-04-09,0.0206
2013-04-10,0.021
2013-04-11,0.0212
2013-04-12,0.0211
2013-04-15,0.0202
2013-04-16,0.0202
2013-04-17,0.0198
2013-04-18,0.02
2013-04-19,0.0204
2013-04-22,0.0204
2013-04-23,0.0204
2013-04-24,0.0207
2013-04-25,0.0212
2013-04-26,0.0211
2013-04-29,0.021
2013-04-30,0.0206
2013-05-01,0.0198
2013-05-02,0.0199
2013-05-03,0.0203
2013-05-06,0.0205
2013-05-07,0.0205
2013-05-08,0.0203
2013-05-09,0.0202
2013-05-10,0.0205
2013-05-13,0.0202
2013-05-14,0.0203
2013-05-15,0.0201
2013-05-16,0.0197
2013-05-17,0.0198
2013-05-20,0.02
2013-05-21,0.0199
2013-05-22,0.0197
2013-05-23,0.0193
2013-05-24,0.0193
2013-05-28,0.0196
2013-05-29,0.0191
2013-05-30,0.0183
2013-05-31,0.0187
2013-06-03,0.0189
2013-06-04,0.0192
2013-06-05,0.0188
2013-06-06,0.0187
2013-06-07,0.0189
2013-06-10,0.0185
2013-06-11,0.0183
2013-06-12,0.0181
2013-06-13,0.018
2013-06-14,0.0182
2013-06-17,0.018
2013-06-18,0.0184
2013-06-19,0.0183
2013-06-20,0.0174
2013-06-21,0.0166
2013-06-24,0.0162
2013-06-25,0.0165
2013-06-26,0.0167
2013-06-27,0.0173
2013-06-28,0.0176
2013-07-01,0.018
2013-07-02,0.0182
2013-07-03,0.0183
2013-07-05,0.0187
2013-07-08,0.0187
2013-07-09,0.0186
2013-07-10,0.0187
2013-07-11,0.0182
2013-07-12,0.0184
2013-07-15,0.0186
2013-07-16,0.0189
2013-07-17,0.019
2013-07-18,0.0189
2013-07-19,0.0191
2013-07-22,0.0191
2013-07-23,0.019
2013-07-24,0.0187
2013-07-25,0.0183
2013-07-26,0.0183
2013-07-29,0.0181
2013-07-30,0.0182
2013-07-31,0.0187
2013-08-01,0.0194
2013-08-02,0.0191
2013-08-05,0.0192
2013-08-06,0.0194
2013-08-07,0.0193
2013-08-08,0.019
2013-08-09,0.0191
2013-08-12,0.0191
2013-08-13,0.0192
2013-08-14,0.0186
2013-08-15,0.0183
2013-08-16,0.0179
2013-08-19,0.0176
2013-08-20,0.0178
2013-08-21,0.0177
2013-08-22,0.0177
2013-08-23,0.0182
2013-08-26,0.0182
2013-08-27,0.0186
2013-08-28,0.0185
2013-08-29,0.018
2013-08-30,0.0178
2013-09-03,0.0176
2013-09-04,0.0174
2013-09-05,0.0171
2013-09-06,0.0171
2013-09-09,0.0169
2013-09-10,0.0174
2013-09-11,0.0176
2013-09-12,0.0175
2013-09-13,0.0175
2013-09-16,0.0176
2013-09-17,0.0179
2013-09-18,0.0184
2013-09-19,0.0183
2013-09-20,0.0185
2013-09-23,0.0184
2013-09-24,0.0177
2013-09-25,0.0179
2013-09-26,0.0177
2013-09-27,0.0176
2013-09-30,0.0174
2013-10-01,0.0177
2013-10-02,0.018
2013-10-03,0.0177
2013-10-04,0.0179
2013-10-07,0.0179
2013-10-08,0.0176
2013-10-09,0.0178
2013-10-10,0.0181
2013-10-11,0.0179
2013-10-15,0.0179
2013-10-16,0.0179
2013-10-17,0.0177
2013-10-18,0.0178
2013-10-21,0.0179
2013-10-22,0.0176
2013-10-23,0.0176
2013-10-24,0.0177
2013-10-25,0.0177
2013-10-28,0.0179
2013-10-29,0.0176
2013-10-30,0.0177
2013-10-31,0.0174
2013-11-01,0.017
2013-11-04,0.0171
2013-11-05,0.0172
2013-11-06,0.0177
2013-11-07,0.0176
2013-11-08,0.0177
2013-11-12,0.0179
2013-11-13,0.0179
2013-11-14,0.018
2013-11-15,0.018
2013-11-18,0.018
2013-11-19,0.0177
2013-11-20,0.0175
2013-11-21,0.0176
2013-11-22,0.0176
2013-11-25,0.0175
2013-11-26,0.0171
2013-11-27,0.0171
2013-11-29,0.0169
2013-12-02,0.017
2013-12-03,0.0169
2013-12-04,0.0164
2013-12-05,0.0166
2013-12-06,0.0165
2013-12-09,0.0163
2013-12-10,0.0164
2013-12-11,0.0165
2013-12-12,0.0165
2013-12-13,0.0166
2013-12-16,0.0168
2013-12-17,0.0169
2013-12-18,0.0167
2013-12-19,0.0175
2013-12-20,0.0164
2013-12-23,0.0167
2013-12-24,0.0168
2013-12-26,0.017
2013-12-27,0.0168
2013-12-30,0.0164
2013-12-31,0.0169
2014-01-02,0.0171
2014-01-03,0.0169
2014-01-06,0.0175
2014-01-07,0.0183
2014-01-08,0.0176
2014-01-09,0.0183
2014-01-10,0.0175
2014-01-13,0.0171
2014-01-14,0.0176
2014-01-15,0.0172
2014-01-16,0.0174
2014-01-17,0.0172
2014-01-21,0.0171
2014-01-22,0.0179
2014-01-23,0.0172
2014-01-24,0.0168
2014-01-27,0.0172
2014-01-28,0.0171
2014-01-29,0.0172
2014-01-30,0.0176
2014-01-31,0.0172
2014-02-03,0.017
2014-02-04,0.0177
2014-02-05,0.0178
2014-02-06,0.0182
2014-02-07,0.0177
2014-02-10,0.0179
2014-02-11,0.018
2014-02-12,0.0183
2014-02-13,0.0177
2014-02-14,0.0167
2014-02-18,0.0179
2014-02-19,0.0178
2014-02-20,0.0178
2014-02-21,0.0174
2014-02-24,0.0178
2014-02-25,0.0178
2014-02-26,0.0176
2014-02-27,0.0181
2014-02-28,0.0179
2014-03-03,0.0178
2014-03-04,0.0179
2014-03-05,0.018
2014-03-06,0.0184
2014-03-07,0.0183
2014-03-10,0.0188
2014-03-11,0.0186
2014-03-12,0.0182
2014-03-13,0.0175
2014-03-14,0.0174
2014-03-17,0.018
2014-03-18,0.0177
2014-03-19,0.0173
2014-03-20,0.0175
2014-03-21,0.0179
2014-03-24,0.0179
2014-03-25,0.017
2014-03-26,0.0175
2014-03-27,0.0173
2014-03-28,0.0172
2014-03-31,0.017
2014-04-01,0.0171
2014-04-02,0.0172
2014-04-03,0.0168
2014-04-04,0.0171
2014-04-07,0.0161
2014-04-08,0.0171
2014-04-09,0.017
2014-04-10,0.0169
2014-04-11,0.0164
2014-04-14,0.0171
2014-04-15,0.0168
2014-04-16,0.0173
2014-04-17,0.0195
2014-04-21,0.0197
2014-04-22,0.0198
2014-04-23,0.0198
2014-04-24,0.0199
2014-04-25,0.0196
2014-04-28,0.0195
2014-04-29,0.0195
2014-04-30,0.0196
2014-05-01,0.0196
2014-05-02,0.0195
2014-05-05,0.0192
2014-05-06,0.0191
2014-05-07,0.0192
2014-05-08,0.0193
2014-05-09,0.0192
2014-05-12,0.0191
2014-05-13,0.0189
2014-05-14,0.0192
2014-05-15,0.0196
2014-05-16,0.0194
2014-05-19,0.0193
2014-05-20,0.0192
2014-05-21,0.0195
2014-05-22,0.0197
2014-05-23,0.0197
2014-05-27,0.0195
2014-05-28,0.0194
2014-05-29,0.0196
2014-05-30,0.0193
2014-06-02,0.0193
2014-06-03,0.0192
2014-06-04,0.019
2014-06-05,0.0192
2014-06-06,0.0193
2014-06-09,0.0195
2014-06-10,0.0194
2014-06-11,0.0194
2014-06-12,0.0195
2014-06-13,0.0193
2014-06-16,0.0192
2014-06-17,0.0197
2014-06-18,0.0198
2014-06-19,0.0202
2014-06-20,0.0202
2014-06-23,0.0203
2014-06-24,0.0205
2014-06-25,0.0203
2014-06-26,0.0202
2014-06-27,0.0203
2014-06-30,0.02
2014-07-01,0.02
2014-07-02,0.0201
2014-07-03,0.0203
2014-07-07,0.0201
2014-07-08,0.0199
2014-07-09,0.0198
2014-07-10,0.02
2014-07-11,0.0199
2014-07-14,0.0199
2014-07-15,0.0196
2014-07-16,0.0195
2014-07-17,0.0197
2014-07-18,0.0196
2014-07-21,0.0197
2014-07-22,0.0193
2014-07-23,0.0192
2014-07-24,0.0193
2014-07-25,0.0195
2014-07-28,0.0195
2014-07-29,0.0194
2014-07-30,0.0196
2014-07-31,0.0197
2014-08-01,0.0192
2014-08-04,0.019
2014-08-05,0.019
2014-08-06,0.019
2014-08-07,0.0189
2014-08-08,0.0186
2014-08-11,0.0186
2014-08-12,0.0187
2014-08-13,0.0188
2014-08-14,0.0184
2014-08-15,0.0183
2014-08-18,0.0185
2014-08-19,0.0181
2014-08-20,0.0183
2014-08-21,0.018
2014-08-22,0.0179
2014-08-25,0.0178
2014-08-26,0.0183
2014-08-27,0.018
2014-08-28,0.0177
2014-08-29,0.0176
2014-09-02,0.0176
2014-09-03,0.0177
2014-09-04,0.0176
2014-09-05,0.0177
2014-09-08,0.0174
2014-09-09,0.0171
2014-09-10,0.0169
2014-09-11,0.0176
2014-09-12,0.0175
2014-09-15,0.0173
2014-09-16,0.0175
2014-09-17,0.0163
2014-09-18,0.0156
2014-09-19,0.0156
2014-09-22,0.016
2014-09-23,0.0163
2014-09-24,0.0166
2014-09-25,0.0162
2014-09-26,0.0159
2014-09-29,0.0161
2014-09-30,0.0156
2014-10-01,0.016
2014-10-02,0.0157
2014-10-03,0.0156
2014-10-06,0.0155
2014-10-07,0.0152
2014-10-08,0.0154
2014-10-09,0.0152
2014-10-10,0.0152
2014-10-14,0.0141
2014-10-15,0.0137
2014-10-16,0.0137
2014-10-17,0.0143
2014-10-20,0.0145
2014-10-21,0.0142
2014-10-22,0.0147
2014-10-23,0.0143
2014-10-24,0.0146
2014-10-27,0.0144
2014-10-28,0.0147
2014-10-29,0.0147
2014-10-30,0.0149
2014-10-31,0.0153
2014-11-03,0.0155
2014-11-04,0.0149
2014-11-05,0.0154
2014-11-06,0.0158
2014-11-07,0.0159
2014-11-10,0.0158
2014-11-12,0.0153
2014-11-13,0.0148
2014-11-14,0.0145
2014-11-17,0.0142
2014-11-18,0.0142
2014-11-19,0.0139
2014-11-20,0.0141
2014-11-21,0.0144
2014-11-24,0.0143
2014-11-25,0.0147
2014-11-26,0.0144
2014-11-28,0.0139
2014-12-01,0.0139
2014-12-02,0.0136
2014-12-03,0.0138
2014-12-04,0.0136
2014-12-05,0.0135
2014-12-08,0.0124
2014-12-09,0.0134
2014-12-10,0.0127
2014-12-11,0.0127
2014-12-12,0.012
2014-12-15,0.0117
2014-12-16,0.0121
2014-12-17,0.0122
2014-12-18,0.012
2014-12-19,0.0127
2014-12-22,0.0129
2014-12-23,0.013
2014-12-24,0.0126
2014-12-26,0.0126
2014-12-29,0.0122
2014-12-30,0.0121
2014-12-31,0.0127
2015-01-02,0.013
2015-01-05,0.0125
2015-01-06,0.0116
2015-01-07,0.0116
2015-01-08,0.0121
2015-01-09,0.012
2015-01-12,0.0116
2015-01-13,0.0105
2015-01-14,0.0118
2015-01-15,0.0118
2015-01-16,0.0119
2015-01-20,0.0119
2015-01-21,0.0117
2015-01-22,0.0119
2015-01-23,0.0121
2015-01-26,0.0124
2015-01-27,0.0129
2015-01-28,0.0124
2015-01-29,0.0131
2015-01-30,0.0129
2015-02-02,0.0132
2015-02-03,0.014
2015-02-04,0.0135
2015-02-05,0.0138
2015-02-06,0.0136
2015-02-09,0.0136
2015-02-10,0.0132
2015-02-11,0.0132
2015-02-12,0.0137
2015-02-13,0.0132
2015-02-17,0.0133
2015-02-18,0.0132
2015-02-19,0.0135
2015-02-20,0.0137
2015-02-23,0.0134
2015-02-24,0.0133
2015-02-25,0.0136
2015-02-26,0.0149
2015-02-27,0.0149
2015-03-02,0.0154
2015-03-03,0.0157
2015-03-04,0.0161
2015-03-05,0.0153
2015-03-06,0.0155
2015-03-09,0.0147
2015-03-10,0.0136
2015-03-11,0.0145
2015-03-12,0.0141
2015-03-13,0.014
2015-03-16,0.0127
2015-03-17,0.0134
2015-03-18,0.0133
2015-03-19,0.0149
2015-03-20,0.015
2015-03-23,0.0148
2015-03-24,0.0153
2015-03-25,0.0156
2015-03-26,0.0157
2015-03-27,0.0154
2015-03-30,0.0149
2015-03-31,0.0151
2015-04-01,0.0158
2015-04-02,0.0156
2015-04-03,0.0158
2015-04-06,0.016
2015-04-07,0.016
2015-04-08,0.0158
2015-04-09,0.0159
2015-04-10,0.0156
2015-04-13,0.0155
2015-04-14,0.0155
2015-04-15,0.0159
2015-04-16,0.0158
2015-04-17,0.0165
2015-04-20,0.016
2015-04-21,0.0159
2015-04-22,0.016
2015-04-23,0.017
2015-04-24,0.0171
2015-04-27,0.0171
2015-04-28,0.0169
2015-04-29,0.017
2015-04-30,0.0172
2015-05-01,0.0172
2015-05-04,0.0169
2015-05-05,0.0172
2015-05-06,0.0169
2015-05-07,0.0166
2015-05-08,0.0166
2015-05-11,0.0164
2015-05-12,0.0165
2015-05-13,0.0167
2015-05-14,0.0165
2015-05-15,0.0162
2015-05-18,0.0164
2015-05-19,0.0162
2015-05-20,0.0165
2015-05-21,0.0163
2015-05-22,0.0165
2015-05-26,0.0159
2015-05-27,0.0154
2015-05-28,0.0153
2015-05-29,0.0157
2015-06-01,0.0155
2015-06-02,0.0159
2015-06-03,0.0159
2015-06-04,0.0159
2015-06-05,0.0164
2015-06-08,0.0163
2015-06-09,0.0165
2015-06-10,0.0166
2015-06-11,0.0163
2015-06-12,0.0164
2015-06-15,0.0164
2015-06-16,0.0167
2015-06-17,0.0169
2015-06-18,0.0167
2015-06-19,0.0163
2015-06-22,0.0165
2015-06-23,0.0167
2015-06-24,0.0164
2015-06-25,0.0163
2015-06-26,0.0166
2015-06-29,0.0159
2015-06-30,0.0161
2015-07-01,0.016
2015-07-02,0.0162
2015-07-06,0.0157
2015-07-07,0.0157
2015-07-08,0.0154
2015-07-09,0.0156
2015-07-10,0.0158
2015-07-13,0.0156
2015-07-14,0.0155
2015-07-15,0.0153
2015-07-16,0.0152
2015-07-17,0.015
2015-07-20,0.0149
2015-07-21,0.0149
2015-07-22,0.0148
2015-07-23,0.0145
2015-07-24,0.014
2015-07-27,0.0135
2015-07-28,0.0138
2015-07-29,0.014
2015-07-30,0.014
2015-07-31,0.0136
2015-08-03,0.0131
2015-08-04,0.0131
2015-08-05,0.0131
2015-08-06,0.0131
2015-08-07,0.0128
2015-08-10,0.013
2015-08-11,0.0127
2015-08-12,0.0127
2015-08-13,0.0124
2015-08-14,0.0125
2015-08-17,0.0122
2015-08-18,0.0121
2015-08-19,0.0117
2015-08-20,0.0117
2015-08-21,0.0113
2015-08-24,0.0111
2015-08-25,0.0115
2015-08-26,0.0113
2015-08-27,0.012
2015-08-28,0.0122
2015-08-31,0.0126
2015-09-01,0.0118
2015-09-02,0.0119
2015-09-03,0.0116
2015-09-04,0.0114
2015-09-08,0.0115
2015-09-09,0.0115
2015-09-10,0.0121
2015-09-11,0.0121
2015-09-14,0.0119
2015-09-15,0.012
2015-09-16,0.0121
2015-09-17,0.0124
2015-09-18,0.0119
2015-09-21,0.0119
2015-09-22,0.0115
2015-09-23,0.0116
2015-09-24,0.0111
2015-09-25,0.0111
2015-09-28,0.0102
2015-09-29,0.0103
2015-09-30,0.0107
2015-10-01,0.0113
2015-10-02,0.0115
2015-10-05,0.0118
2015-10-06,0.0122
2015-10-07,0.0122
2015-10-08,0.0126
2015-10-09,0.0122
2015-10-13,0.0118
2015-10-14,0.0115
2015-10-15,0.0118
2015-10-16,0.0118
2015-10-19,0.0113
2015-10-20,0.0116
2015-10-21,0.0113
2015-10-22,0.0114
2015-10-23,0.0119
2015-10-26,0.0116
2015-10-27,0.0115
2015-10-28,0.0114
2015-10-29,0.0119
2015-10-30,0.012
2015-11-02,0.0123
2015-11-03,0.0127
2015-11-04,0.0126
2015-11-05,0.0123
2015-11-06,0.0125
2015-11-09,0.0128
2015-11-10,0.0125
2015-11-12,0.0124
2015-11-13,0.0121
2015-11-16,0.012
2015-11-17,0.0123
2015-11-18,0.0125
2015-11-19,0.0127
2015-11-20,0.0131
2015-11-23,0.0133
2015-11-24,0.0133
2015-11-25,0.0131
2015-11-27,0.0131
2015-11-30,0.013
2015-12-01,0.0129
2015-12-02,0.0127
2015-12-03,0.0133
2015-12-04,0.013
2015-12-07,0.0125
2015-12-08,0.0125
2015-12-09,0.0121
2015-12-10,0.012
2015-12-11,0.0117
2015-12-14,0.0117
2015-12-15,0.0122
2015-12-16,0.012
2015-12-17,0.0121
2015-12-18,0.0121
2015-12-21,0.0119
2015-12-22,0.0119
2015-12-23,0.0125
2015-12-24,0.0123
2015-12-28,0.0124
2015-12-29,0.0128
2015-12-30,0.0128
2015-12-31,0.0131
2016-01-04,0.0131
2016-01-05,0.0131
2016-01-06,0.0126
2016-01-07,0.0125
2016-01-08,0.0123
2016-01-11,0.0119
2016-01-12,0.0119
2016-01-13,0.0118
2016-01-14,0.012
2016-01-15,0.0112
2016-01-19,0.0116
2016-01-20,0.011
2016-01-21,0.0108
2016-01-22,0.0115
2016-01-25,0.0115
2016-01-26,0.0117
2016-01-27,0.0118
2016-01-28,0.012
2016-01-29,0.0119
2016-02-01,0.012
2016-02-02,0.0114
2016-02-03,0.0116
2016-02-04,0.0113
2016-02-05,0.0107
2016-02-08,0.0097
2016-02-09,0.0093
2016-02-10,0.0095
2016-02-11,0.0094
2016-02-12,0.0103
2016-02-16,0.0103
2016-02-17,0.0104
2016-02-18,0.0102
2016-02-19,0.0106
2016-02-22,0.0111
2016-02-23,0.0113
2016-02-24,0.0115
2016-02-25,0.0118
2016-02-26,0.012
2016-02-29,0.0123
2016-03-01,0.0129
2016-03-02,0.0134
2016-03-03,0.0136
2016-03-04,0.0136
2016-03-07,0.0136
2016-03-08,0.0133
2016-03-09,0.0137
2016-03-10,0.0135
2016-03-11,0.0141
2016-03-14,0.0138
2016-03-15,0.0135
2016-03-16,0.0145
2016-03-17,0.0146
2016-03-18,0.0147
2016-03-21,0.015
2016-03-22,0.0148
2016-03-23,0.0144
2016-03-24,0.0142
2016-03-28,0.014
2016-03-29,0.0147
2016-03-30,0.0152
2016-03-31,0.0149
2016-04-01,0.0149
2016-04-04,0.0148
2016-04-05,0.0143
2016-04-06,0.0143
2016-04-07,0.0141
2016-04-08,0.0143
2016-04-11,0.0141
2016-04-12,0.0139
2016-04-13,0.0143
2016-04-14,0.0142
2016-04-15,0.0142
2016-04-18,0.0141
2016-04-19,0.0146
2016-04-20,0.0149
2016-04-21,0.0156
2016-04-22,0.0156
2016-04-25,0.0156
2016-04-26,0.0156
2016-04-27,0.0157
2016-04-28,0.0161
2016-04-29,0.016
2016-05-02,0.0158
2016-05-03,0.0154
2016-05-04,0.0152
2016-05-05,0.0152
2016-05-06,0.0151
2016-05-09,0.015
2016-05-10,0.0153
2016-05-11,0.0153
2016-05-12,0.0153
2016-05-13,0.0152
2016-05-16,0.0153
2016-05-17,0.0156
2016-05-18,0.0154
2016-05-19,0.0151
2016-05-20,0.0151
2016-05-23,0.0149
2016-05-24,0.0151
2016-05-25,0.0151
2016-05-26,0.0151
2016-05-27,0.0151
2016-05-31,0.0147
2016-06-01,0.0147
2016-06-02,0.0148
2016-06-03,0.0145
2016-06-06,0.0149
2016-06-07,0.0151
2016-06-08,0.0154
2016-06-09,0.0153
2016-06-10,0.0149
2016-06-13,0.0145
2016-06-14,0.0145
2016-06-15,0.0147
2016-06-16,0.0142
2016-06-17,0.0143
2016-06-20,0.0143
2016-06-21,0.0141
2016-06-22,0.0141
2016-06-23,0.0147
2016-06-24,0.0136
2016-06-27,0.0127
2016-06-28,0.0132
2016-06-29,0.0136
2016-06-30,0.0138
2016-07-01,0.0143
2016-07-05,0.0139
2016-07-06,0.0141
2016-07-07,0.0141
2016-07-08,0.0139
2016-07-11,0.0141
2016-07-12,0.0146
2016-07-13,0.0143
2016-07-14,0.0144
2016-07-15,0.0144
2016-07-18,0.0141
2016-07-19,0.0139
2016-07-20,0.014
2016-07-21,0.0138
2016-07-22,0.0136
2016-07-25,0.0134
2016-07-26,0.0133
2016-07-27,0.0131
2016-07-28,0.0133
2016-07-29,0.0131
2016-08-01,0.0127
2016-08-02,0.0125
2016-08-03,0.0128
2016-08-04,0.013
2016-08-05,0.0133
2016-08-08,0.0134
2016-08-09,0.013
2016-08-10,0.0127
2016-08-11,0.0132
2016-08-12,0.0129
2016-08-15,0.013
2016-08-16,0.0128
2016-08-17,0.0131
2016-08-18,0.0132
2016-08-19,0.0134
2016-08-22,0.0134
2016-08-23,0.0134
2016-08-24,0.0132
2016-08-25,0.0133
2016-08-26,0.0131
2016-08-29,0.0129
2016-08-30,0.0128
2016-08-31,0.0127
2016-09-01,0.0124
2016-09-02,0.0128
2016-09-06,0.0129
2016-09-07,0.013
2016-09-08,0.0134
2016-09-09,0.0132
2016-09-12,0.0133
2016-09-13,0.0131
2016-09-14,0.013
2016-09-15,0.0131
2016-09-16,0.0134
2016-09-19,0.0135
2016-09-20,0.0133
2016-09-21,0.0137
2016-09-22,0.014
2016-09-23,0.0142
2016-09-26,0.014
2016-09-27,0.0138
2016-09-28,0.0144
2016-09-29,0.0144
2016-09-30,0.0145
2016-10-03,0.0147
2016-10-04,0.0145
2016-10-05,0.0148
2016-10-06,0.0149
2016-10-07,0.015
2016-10-11,0.0151
2016-10-12,0.0151
2016-10-13,0.015
2016-10-14,0.0153
2016-10-17,0.0155
2016-10-18,0.0154
2016-10-19,0.0156
2016-10-20,0.0156
2016-10-21,0.0156
2016-10-24,0.0153
2016-10-25,0.0157
2016-10-26,0.0158
2016-10-27,0.0157
2016-10-28,0.016
2016-10-31,0.0159
2016-11-01,0.0159
2016-11-02,0.0155
2016-11-03,0.0152
2016-11-04,0.0152
2016-11-07,0.0156
2016-11-08,0.0157
2016-11-09,0.0167
2016-11-10,0.017
2016-11-14,0.0165
2016-11-15,0.0167
2016-11-16,0.0166
2016-11-17,0.0171
2016-11-18,0.0174
2016-11-21,0.0174
2016-11-22,0.0175
2016-11-23,0.0174
2016-11-25,0.0174
2016-11-28,0.0169
2016-11-29,0.0169
2016-11-30,0.0177
2016-12-01,0.0181
2016-12-02,0.0176
2016-12-05,0.0179
2016-12-06,0.018
2016-12-07,0.0178
2016-12-08,0.0183
2016-12-09,0.0183
2016-12-12,0.0186
2016-12-13,0.0186
2016-12-14,0.0182
2016-12-15,0.0178
2016-12-16,0.0175
2016-12-19,0.0174
2016-12-20,0.018
2016-12-21,0.0174
2016-12-22,0.0186
2016-12-23,0.0184
2016-12-27,0.0188
2016-12-28,0.0185
2016-12-29,0.0181
2016-12-30,0.0184
2017-01-03,0.0186
2017-01-04,0.0186
2017-01-05,0.0183
2017-01-06,0.0184
2017-01-09,0.0185
2017-01-10,0.0184
2017-01-11,0.0185
2017-01-12,0.0187
2017-01-13,0.0185
2017-01-17,0.0184
2017-01-18,0.0186
2017-01-19,0.019
2017-01-20,0.0192
2017-01-23,0.0186
2017-01-24,0.0193
2017-01-25,0.0196
2017-01-26,0.0194
2017-01-27,0.0196
2017-01-30,0.0195
2017-01-31,0.0194
2017-02-01,0.0192
2017-02-02,0.0193
2017-02-03,0.0191
2017-02-06,0.0191
2017-02-07,0.0187
2017-02-08,0.0182
2017-02-09,0.0186
2017-02-10,0.0187
2017-02-13,0.0187
2017-02-14,0.0187
2017-02-15,0.0193
2017-02-16,0.019
2017-02-17,0.0185
2017-02-21,0.0187
2017-02-22,0.0192
2017-02-23,0.019
2017-02-24,0.019
2017-02-27,0.0186
2017-02-28,0.0189
2017-03-01,0.0184
2017-03-02,0.0184
2017-03-03,0.0192
2017-03-06,0.019
2017-03-07,0.0192
2017-03-08,0.019
2017-03-09,0.0189
2017-03-10,0.019
2017-03-13,0.0186
2017-03-14,0.0188
2017-03-15,0.0184
2017-03-16,0.0187
2017-03-17,0.0189
2017-03-20,0.0186
2017-03-21,0.018
2017-03-22,0.0179
2017-03-23,0.0175
2017-03-24,0.0173
2017-03-27,0.0175
2017-03-28,0.0173
2017-03-29,0.018
2017-03-30,0.0181
2017-03-31,0.0177
2017-04-03,0.0173
2017-04-04,0.0177
2017-04-05,0.0177
2017-04-06,0.0171
2017-04-07,0.017
2017-04-10,0.0169
2017-04-11,0.017
2017-04-12,0.0169
2017-04-13,0.0174
2017-04-17,0.0169
2017-04-18,0.0165
2017-04-19,0.0166
2017-04-20,0.0182
2017-04-21,0.0179
2017-04-24,0.0181
2017-04-25,0.0185
2017-04-26,0.0183
2017-04-27,0.0181
2017-04-28,0.0181
2017-05-01,0.018
2017-05-02,0.0177
2017-05-03,0.0176
2017-05-04,0.0172
2017-05-05,0.0175
2017-05-08,0.0175
2017-05-09,0.0174
2017-05-10,0.0178
2017-05-11,0.0182
2017-05-12,0.0175
2017-05-15,0.0174
2017-05-16,0.0174
2017-05-17,0.017
2017-05-18,0.0172
2017-05-19,0.0175
2017-05-22,0.0175
2017-05-23,0.0177
2017-05-24,0.0173
2017-05-25,0.017
2017-05-26,0.0173
2017-05-30,0.0173
2017-05-31,0.0172
2017-06-01,0.0173
2017-06-02,0.0172
2017-06-05,0.0172
2017-06-06,0.0171
2017-06-07,0.0169
2017-06-08,0.0169
2017-06-09,0.0168
2017-06-12,0.0167
2017-06-13,0.0167
2017-06-14,0.0159
2017-06-15,0.0156
2017-06-16,0.0156
2017-06-19,0.0156
2017-06-20,0.0154
2017-06-21,0.0154
2017-06-22,0.0157
2017-06-23,0.0159
2017-06-26,0.0161
2017-06-27,0.0162
2017-06-28,0.0165
2017-06-29,0.0162
2017-06-30,0.0163
2017-07-03,0.0166
2017-07-05,0.0165
2017-07-06,0.0166
2017-07-07,0.0163
2017-07-10,0.016
2017-07-11,0.0161
2017-07-12,0.0163
2017-07-13,0.0164
2017-07-14,0.0162
2017-07-17,0.0164
2017-07-18,0.0162
2017-07-19,0.0165
2017-07-20,0.0162
2017-07-21,0.0162
2017-07-24,0.0162
2017-07-25,0.0167
2017-07-26,0.0166
2017-07-27,0.0168
2017-07-28,0.0168
2017-07-31,0.0167
2017-08-01,0.0162
2017-08-02,0.0163
2017-08-03,0.0162
2017-08-04,0.0165
2017-08-07,0.0165
2017-08-08,0.0169
2017-08-09,0.017
2017-08-10,0.0168
2017-08-11,0.0164
2017-08-14,0.0159
2017-08-15,0.0163
2017-08-16,0.0162
2017-08-17,0.0161
2017-08-18,0.0161
2017-08-21,0.0159
2017-08-22,0.0161
2017-08-23,0.0158
2017-08-24,0.016
2017-08-25,0.0157
2017-08-28,0.0156
2017-08-29,0.0154
2017-08-30,0.0157
2017-08-31,0.0158
2017-09-01,0.0163
2017-09-05,0.0158
2017-09-06,0.016
2017-09-07,0.0161
2017-09-08,0.0163
2017-09-11,0.0163
2017-09-12,0.0167
2017-09-13,0.0168
2017-09-14,0.017
2017-09-15,0.0172
2017-09-18,0.0174
2017-09-19,0.0174
2017-09-20,0.0171
2017-09-21,0.017
2017-09-22,0.0171
2017-09-25,0.0172
2017-09-26,0.0172
2017-09-27,0.0174
2017-09-28,0.0173
2017-09-29,0.0168
2017-10-02,0.0173
2017-10-03,0.0168
2017-10-04,0.0173
2017-10-05,0.0174
2017-10-06,0.0178
2017-10-10,0.0175
2017-10-11,0.0175
2017-10-12,0.0179
2017-10-13,0.0171
2017-10-16,0.0166
2017-10-17,0.0169
2017-10-18,0.0169
2017-10-19,0.0166
2017-10-20,0.0176
2017-10-23,0.0169
2017-10-24,0.0173
2017-10-25,0.0174
2017-10-26,0.0176
2017-10-27,0.0176
2017-10-30,0.0177
2017-10-31,0.0179
2017-11-01,0.0171
2017-11-02,0.0179
2017-11-03,0.0174
2017-11-06,0.0177
2017-11-07,0.018
2017-11-08,0.0177
2017-11-09,0.018
2017-11-10,0.0178
2017-11-13,0.0179
2017-11-14,0.0179
2017-11-15,0.0178
2017-11-16,0.0179
2017-11-17,0.0175
2017-11-20,0.0174
2017-11-21,0.0175
2017-11-22,0.0175
2017-11-24,0.0171
2017-11-27,0.0169
2017-11-28,0.0169
2017-11-29,0.0169
2017-11-30,0.0173
2017-12-01,0.0172
2017-12-04,0.0176
2017-12-05,0.0169
2017-12-06,0.0174
2017-12-07,0.0174
2017-12-08,0.0171
2017-12-11,0.0176
2017-12-12,0.0178
2017-12-13,0.0174
2017-12-14,0.0176
2017-12-15,0.0177
2017-12-18,0.0171
2017-12-19,0.0174
2017-12-20,0.0174
2017-12-21,0.0184
2017-12-22,0.0182
2017-12-26,0.0176
2017-12-27,0.0182
2017-12-28,0.0186
2017-12-29,0.0186
2018-01-02,0.019
2018-01-03,0.0187
2018-01-04,0.0192
2018-01-05,0.0195
2018-01-08,0.0191
2018-01-09,0.0195
2018-01-10,0.0194
2018-01-11,0.0189
2018-01-12,0.0192
2018-01-16,0.0194
2018-01-17,0.019
2018-01-18,0.0199
2018-01-19,0.02
2018-01-22,0.02
2018-01-23,0.0192
2018-01-24,0.0196
2018-01-25,0.0191
2018-01-26,0.0193
2018-01-29,0.0192
2018-01-30,0.0197
2018-01-31,0.0198
2018-02-01,0.0193
2018-02-02,0.0193
2018-02-05,0.0195
2018-02-06,0.0188
2018-02-07,0.019
2018-02-08,0.0189
2018-02-09,0.0183
2018-02-12,0.0184
2018-02-13,0.0188
2018-02-14,0.0191
2018-02-15,0.02
2018-02-16,0.02
2018-02-20,0.0204
2018-02-21,0.0206
2018-02-22,0.0206
2018-02-23,0.0204
2018-02-26,0.0207
2018-02-27,0.0209
2018-02-28,0.0204
2018-03-01,0.0203
2018-03-02,0.0203
2018-03-05,0.0205
2018-03-06,0.021
2018-03-07,0.021
2018-03-08,0.0208
2018-03-09,0.0196
2018-03-12,0.0202
2018-03-13,0.0205
2018-03-14,0.0204
2018-03-15,0.0207
2018-03-16,0.0205
2018-03-19,0.0204
2018-03-20,0.0205
2018-03-21,0.0196
2018-03-22,0.0203
2018-03-23,0.0201
2018-03-26,0.0201
2018-03-27,0.0194
2018-03-28,0.0191
2018-03-29,0.0192
2018-04-02,0.0199
2018-04-03,0.0199
2018-04-04,0.0204
2018-04-05,0.0193
2018-04-06,0.0201
2018-04-09,0.0202
2018-04-10,0.02
2018-04-11,0.0206
2018-04-12,0.0205
2018-04-13,0.0201
2018-04-16,0.0208
2018-04-17,0.0201
2018-04-18,0.0204
2018-04-19,0.0212
2018-04-20,0.021
2018-04-23,0.0211
2018-04-24,0.021
2018-04-25,0.0209
2018-04-26,0.021
2018-04-27,0.0209
2018-04-30,0.021
2018-05-01,0.0209
2018-05-02,0.0209
2018-05-03,0.0209
2018-05-04,0.0209
2018-05-07,0.0211
2018-05-08,0.021
2018-05-09,0.0213
2018-05-10,0.0212
2018-05-11,0.0213
2018-05-14,0.0212
2018-05-15,0.0215
2018-05-16,0.0216
2018-05-17,0.0216
2018-05-18,0.0214
2018-05-21,0.0215
2018-05-22,0.0213
2018-05-23,0.0212
2018-05-24,0.0211
2018-05-25,0.0204
2018-05-29,0.0198
2018-05-30,0.02
2018-05-31,0.0203
2018-06-01,0.0206
2018-06-04,0.0206
2018-06-05,0.0205
2018-06-06,0.0206
2018-06-07,0.0208
2018-06-08,0.0206
2018-06-11,0.0208
2018-06-12,0.0207
2018-06-13,0.0209
2018-06-14,0.0207
2018-06-15,0.0208
2018-06-18,0.0208
2018-06-19,0.0207
2018-06-20,0.0206
2018-06-21,0.0205
2018-06-22,0.0207
2018-06-25,0.0206
2018-06-26,0.0207
2018-06-27,0.0207
2018-06-28,0.0207
2018-06-29,0.0206
2018-07-02,0.0207
2018-07-03,0.0208
2018-07-05,0.021
2018-07-06,0.0208
2018-07-09,0.021
2018-07-10,0.0209
2018-07-11,0.0207
2018-07-12,0.0206
2018-07-13,0.0207
2018-07-16,0.0205
2018-07-17,0.0203
2018-07-18,0.0203
2018-07-19,0.0201
2018-07-20,0.0202
2018-07-23,0.0201
2018-07-24,0.02
2018-07-25,0.0201
2018-07-26,0.02
2018-07-27,0.02
2018-07-30,0.0201
2018-07-31,0.02
2018-08-01,0.02
2018-08-02,0.0199
2018-08-03,0.02
2018-08-06,0.0198
2018-08-07,0.02
2018-08-08,0.0198
2018-08-09,0.0197
2018-08-10,0.0198
2018-08-13,0.0199
2018-08-14,0.0199
2018-08-15,0.0197
2018-08-16,0.0197
2018-08-17,0.0196
2018-08-20,0.0195
2018-08-21,0.0197
2018-08-22,0.0196
2018-08-23,0.0199
2018-08-24,0.0199
2018-08-27,0.02
2018-08-28,0.0199
2018-08-29,0.02
2018-08-30,0.0199
2018-08-31,0.0198
2018-09-04,0.0199
2018-09-05,0.0198
2018-09-06,0.0197
2018-09-07,0.0198
2018-09-10,0.0198
2018-09-11,0.0201
2018-09-12,0.0202
2018-09-13,0.0198
2018-09-14,0.02
2018-09-17,0.0199
2018-09-18,0.0201
2018-09-19,0.0202
2018-09-20,0.0202
2018-09-21,0.0202
2018-09-24,0.0203
2018-09-25,0.0205
2018-09-26,0.0204
2018-09-27,0.0204
2018-09-28,0.0203
2018-10-01,0.0204
2018-10-02,0.0203
2018-10-03,0.0207
2018-10-04,0.0206
2018-10-05,0.0205
2018-10-09,0.0205
2018-10-10,0.0204
2018-10-11,0.0199
2018-10-12,0.0199
2018-10-15,0.02
2018-10-16,0.0201
2018-10-17,0.02
2018-10-18,0.0199
2018-10-19,0.0198
2018-10-22,0.0198
2018-10-23,0.0194
2018-10-24,0.0193
2018-10-25,0.0191
2018-10-26,0.0193
2018-10-29,0.0192
2018-10-30,0.0191
2018-10-31,0.019
2018-11-01,0.0188
2018-11-02,0.0191
2018-11-05,0.0191
2018-11-06,0.0192
2018-11-07,0.0193
2018-11-08,0.0192
2018-11-09,0.019
2018-11-13,0.0188
2018-11-14,0.0185
2018-11-15,0.0185
2018-11-16,0.0188
2018-11-19,0.0185
2018-11-20,0.0182
2018-11-21,0.0181
2018-11-23,0.0177
2018-11-26,0.0178
2018-11-27,0.0173
2018-11-28,0.0174
2018-11-29,0.0179
2018-11-30,0.0177
2018-12-03,0.0176
2018-12-04,0.0174
2018-12-06,0.0169
2018-12-07,0.0168
2018-12-10,0.0165
2018-12-11,0.0162
2018-12-12,0.0162
2018-12-13,0.0162
2018-12-14,0.016
2018-12-17,0.0158
2018-12-18,0.0158
2018-12-19,0.0156
2018-12-20,0.0153
2018-12-21,0.0155
2018-12-24,0.0152
2018-12-26,0.0157
2018-12-27,0.0153
2018-12-28,0.0152
2018-12-31,0.0151
2019-01-02,0.0149
2019-01-03,0.0149
2019-01-04,0.0158
2019-01-07,0.0161
2019-01-08,0.0166
2019-01-09,0.0168
2019-01-10,0.0165
2019-01-11,0.0166
2019-01-14,0.0164
2019-01-15,0.0163
2019-01-16,0.0164
2019-01-17,0.0164
2019-01-18,0.0167
2019-01-22,0.0163
2019-01-23,0.0164
2019-01-24,0.0162
2019-01-25,0.0164
2019-01-28,0.0162
2019-01-29,0.0162
2019-01-30,0.0168
2019-01-31,0.017
2019-02-01,0.0172
2019-02-04,0.0172
2019-02-05,0.0172
2019-02-06,0.0171
2019-02-07,0.0169
2019-02-08,0.0169
2019-02-11,0.0169
2019-02-12,0.0171
2019-02-13,0.0176
2019-02-14,0.0174
2019-02-15,0.0175
2019-02-19,0.0176
2019-02-20,0.0179
2019-02-21,0.018
2019-02-22,0.0182
2019-02-25,0.0182
2019-02-26,0.0182
2019-02-27,0.0184
2019-02-28,0.0184
2019-03-01,0.0185
2019-03-04,0.0184
2019-03-05,0.0183
2019-03-06,0.0181
2019-03-07,0.018
2019-03-08,0.018
2019-03-11,0.0182
2019-03-12,0.0181
2019-03-13,0.0184
2019-03-14,0.0185
2019-03-15,0.0186
2019-03-18,0.0188
2019-03-19,0.0185
2019-03-20,0.0188
2019-03-21,0.0186
2019-03-22,0.018
2019-03-25,0.0177
2019-03-26,0.0175
2019-03-27,0.0174
2019-03-28,0.0172
2019-03-29,0.0178
2019-04-01,0.0182
2019-04-02,0.0181
2019-04-03,0.0181
2019-04-04,0.0181
2019-04-05,0.0179
2019-04-08,0.0181
2019-04-09,0.018
2019-04-10,0.0183
2019-04-11,0.0182
2019-04-12,0.0186
2019-04-15,0.0185
2019-04-16,0.0186
2019-04-17,0.0184
2019-04-18,0.0186
2019-04-22,0.0187
2019-04-23,0.0187
2019-04-24,0.0187
2019-04-25,0.0186
2019-04-26,0.0186
2019-04-29,0.0186
2019-04-30,0.0185
2019-05-01,0.0183
2019-05-02,0.0178
2019-05-03,0.018
2019-05-06,0.0181
2019-05-07,0.0176
2019-05-08,0.0175
2019-05-09,0.0173
2019-05-10,0.0175
2019-05-13,0.0173
2019-05-14,0.0175
2019-05-15,0.0174
2019-05-16,0.0175
2019-05-17,0.0171
2019-05-20,0.0171
2019-05-21,0.0172
2019-05-22,0.0168
2019-05-23,0.0162
2019-05-24,0.0162
2019-05-28,0.0158
2019-05-29,0.0159
2019-05-30,0.0159
2019-05-31,0.0158
2019-06-03,0.0156
2019-06-04,0.0159
2019-06-05,0.0159
2019-06-06,0.0158
2019-06-07,0.0161
2019-06-10,0.016
2019-06-11,0.0157
2019-06-12,0.0153
2019-06-13,0.0151
2019-06-14,0.0148
2019-06-17,0.0145
2019-06-18,0.0149
2019-06-19,0.0153
2019-06-20,0.0158
2019-06-21,0.016
2019-06-24,0.0157
2019-06-25,0.0152
2019-06-26,0.0156
2019-06-27,0.0153
2019-06-28,0.0153
2019-07-01,0.0153
2019-07-02,0.015
2019-07-03,0.0151
2019-07-05,0.0155
2019-07-08,0.0155
2019-07-09,0.0156
2019-07-10,0.0159
2019-07-11,0.0163
2019-07-12,0.0162
2019-07-15,0.0161
2019-07-16,0.0163
2019-07-17,0.016
2019-07-18,0.016
2019-07-19,0.016
2019-07-22,0.0159
2019-07-23,0.0161
2019-07-24,0.0159
2019-07-25,0.016
2019-07-26,0.0157
2019-07-29,0.0157
2019-07-30,0.0158
2019-07-31,0.0156
2019-08-01,0.0147
2019-08-02,0.0145
2019-08-05,0.0139
2019-08-06,0.014
2019-08-07,0.0138
2019-08-08,0.0143
2019-08-09,0.0144
2019-08-12,0.0139
2019-08-13,0.0144
2019-08-14,0.0136
2019-08-15,0.0134
2019-08-16,0.0134
2019-08-19,0.0136
2019-08-20,0.0134
2019-08-21,0.0134
2019-08-22,0.0135
2019-08-23,0.0135
2019-08-26,0.0134
2019-08-27,0.0136
2019-08-28,0.0136
2019-08-29,0.0139
2019-08-30,0.0135
2019-09-03,0.0129
2019-09-04,0.0131
2019-09-05,0.0135
2019-09-06,0.0135
2019-09-09,0.0138
2019-09-10,0.014
2019-09-11,0.014
2019-09-12,0.0143
2019-09-13,0.0146
2019-09-16,0.0148
2019-09-17,0.0146
2019-09-18,0.014
2019-09-19,0.0141
2019-09-20,0.0142
2019-09-23,0.0142
2019-09-24,0.0139
2019-09-25,0.0141
2019-09-26,0.014
2019-09-27,0.0136
2019-09-30,0.0135
2019-10-01,0.0133
2019-10-02,0.0129
2019-10-03,0.0125
2019-10-04,0.0127
2019-10-07,0.0127
2019-10-08,0.0125
2019-10-09,0.0124
2019-10-10,0.0129
2019-10-11,0.0134
2019-10-15,0.0133
2019-10-16,0.0135
2019-10-17,0.0152
2019-10-18,0.0152
2019-10-21,0.0153
2019-10-22,0.0153
2019-10-23,0.0152
2019-10-24,0.0152
2019-10-25,0.0155
2019-10-28,0.0153
2019-10-29,0.0151
2019-10-30,0.0147
2019-10-31,0.0144
2019-11-01,0.015
2019-11-04,0.0156
2019-11-05,0.0158
2019-11-06,0.0157
2019-11-07,0.0161
2019-11-08,0.0163
2019-11-12,0.016
2019-11-13,0.0158
2019-11-14,0.0154
2019-11-15,0.0152
2019-11-18,0.0154
2019-11-19,0.0153
2019-11-20,0.0151
2019-11-21,0.0153
2019-11-22,0.0153
2019-11-25,0.0153
2019-11-26,0.0152
2019-11-27,0.0154
2019-11-29,0.015
2019-12-02,0.0154
2019-12-03,0.0151
2019-12-04,0.0154
2019-12-05,0.0155
2019-12-06,0.0159
2019-12-09,0.0159
2019-12-10,0.0159
2019-12-11,0.016
2019-12-12,0.0162
2019-12-13,0.0162
2019-12-16,0.0164
2019-12-17,0.0165
2019-12-18,0.0168
2019-12-19,0.0168
2019-12-20,0.0167
2019-12-23,0.0167
2019-12-24,0.0167
2019-12-26,0.0166
2019-12-27,0.0164
2019-12-30,0.0166
2019-12-31,0.0168
2020-01-02,0.0172
2020-01-03,0.0169
2020-01-06,0.0169
2020-01-07,0.0167
2020-01-08,0.0168
2020-01-09,0.0167
2020-01-10,0.0167
2020-01-13,0.017
2020-01-14,0.017
2020-01-15,0.0167
2020-01-16,0.0168
2020-01-17,0.0168
2020-01-21,0.0166
2020-01-22,0.0164
2020-01-23,0.0164
2020-01-24,0.0162
2020-01-27,0.0156
2020-01-28,0.0159
2020-01-29,0.0158
2020-01-30,0.0159
2020-01-31,0.016
2020-02-03,0.0156
2020-02-04,0.0158
2020-02-05,0.0161
2020-02-06,0.0161
2020-02-07,0.0161
2020-02-10,0.0162
2020-02-11,0.016
2020-02-12,0.0164
2020-02-13,0.0165
2020-02-14,0.0164
2020-02-18,0.0164
2020-02-19,0.0165
2020-02-20,0.0163
2020-02-21,0.016
2020-02-24,0.0157
2020-02-25,0.0152
2020-02-26,0.015
2020-02-27,0.0148
2020-02-28,0.0133
2020-03-02,0.0132
2020-03-03,0.0134
2020-03-04,0.0134
2020-03-05,0.0128
2020-03-06,0.0114
2020-03-09,0.008
2020-03-10,0.0077
2020-03-11,0.0069
2020-03-12,0.0063
2020-03-13,0.0053
2020-03-16,0.003
2020-03-17,0.0016
2020-03-18,0.0016
2020-03-19,0.0014
2020-03-20,0.0031
2020-03-23,0.0037
2020-03-24,0.0055
2020-03-25,0.0069
2020-03-26,0.0072
2020-03-27,0.0054
2020-03-30,0.0057
2020-03-31,0.0049
2020-04-01,0.0056
2020-04-02,0.0073
2020-04-03,0.0078
2020-04-06,0.0085
2020-04-07,0.0086
2020-04-08,0.0087
2020-04-09,0.009
2020-04-13,0.0094
2020-04-14,0.0094
2020-04-15,0.0087
2020-04-16,0.007
2020-04-17,0.0067
2020-04-20,0.0056
2020-04-21,0.0058
2020-04-22,0.0069
2020-04-23,0.0067
2020-04-24,0.0072
2020-04-27,0.0078
2020-04-28,0.0076
2020-04-29,0.0078
2020-04-30,0.0072
2020-05-01,0.0068
2020-05-04,0.0069
2020-05-05,0.0071
2020-05-06,0.0071
2020-05-07,0.007
2020-05-08,0.0074
2020-05-11,0.0075
2020-05-12,0.0072
2020-05-13,0.0071
2020-05-14,0.0071
2020-05-15,0.0075
2020-05-18,0.0084
2020-05-19,0.0082
2020-05-20,0.0083
2020-05-21,0.0081
2020-05-22,0.008
2020-05-26,0.0082
2020-05-27,0.0082
2020-05-28,0.0086
2020-05-29,0.0083
2020-06-01,0.0084
2020-06-02,0.0084
2020-06-03,0.0088
2020-06-04,0.0088
2020-06-05,0.0095
2020-06-08,0.0098
2020-06-09,0.0098
2020-06-10,0.01
2020-06-11,0.0095
2020-06-12,0.0095
2020-06-15,0.0098
2020-06-16,0.0102
2020-06-17,0.0101
2020-06-18,0.0112
2020-06-19,0.0106
2020-06-22,0.0111
2020-06-23,0.0114
2020-06-24,0.011
2020-06-25,0.0111
2020-06-26,0.0111
2020-06-29,0.0114
2020-06-30,0.0116
2020-07-01,0.0117
2020-07-02,0.0121
2020-07-06,0.0128
2020-07-07,0.0126
2020-07-08,0.0125
2020-07-09,0.0122
2020-07-10,0.0125
2020-07-13,0.0127
2020-07-14,0.0127
2020-07-15,0.0128
2020-07-16,0.013
2020-07-17,0.0135
2020-07-20,0.0137
2020-07-21,0.014
2020-07-22,0.014
2020-07-23,0.0137
2020-07-24,0.0135
2020-07-27,0.0138
2020-07-28,0.0136
2020-07-29,0.0138
2020-07-30,0.0137
2020-07-31,0.014
2020-08-03,0.0146
2020-08-04,0.0145
2020-08-05,0.0152
2020-08-06,0.0153
2020-08-07,0.015
2020-08-10,0.0149
2020-08-11,0.015
2020-08-12,0.0156
2020-08-13,0.0156
2020-08-14,0.0153
2020-08-17,0.0154
2020-08-18,0.0155
2020-08-19,0.0155
2020-08-20,0.0148
2020-08-21,0.0152
2020-08-24,0.0157
2020-08-25,0.016
2020-08-26,0.0163
2020-08-27,0.0165
2020-08-28,0.0168
2020-08-31,0.0169
2020-09-01,0.0165
2020-09-02,0.0161
2020-09-03,0.0153
2020-09-04,0.0157
2020-09-08,0.0155
2020-09-09,0.0157
2020-09-10,0.0154
2020-09-11,0.0153
2020-09-14,0.0154
2020-09-15,0.0154
2020-09-16,0.0157
2020-09-17,0.0157
2020-09-18,0.0158
2020-09-21,0.015
2020-09-22,0.015
2020-09-23,0.0148
2020-09-24,0.0145
2020-09-25,0.0143
2020-09-28,0.0148
2020-09-29,0.0149
2020-09-30,0.015
2020-10-01,0.0148
2020-10-02,0.0148
2020-10-05,0.0152
2020-10-06,0.0151
2020-10-07,0.0154
2020-10-08,0.0156
2020-10-09,0.0156
2020-10-13,0.0152
2020-10-14,0.0152
2020-10-15,0.0152
2020-10-16,0.0153
2020-10-19,0.0153
2020-10-20,0.0153
2020-10-21,0.0156
2020-10-22,0.0168
2020-10-23,0.0166
2020-10-26,0.0163
2020-10-27,0.0164
2020-10-28,0.0161
2020-10-29,0.0161
2020-10-30,0.0159
2020-11-02,0.016
2020-11-03,0.0162
2020-11-04,0.0156
2020-11-05,0.0155
2020-11-06,0.0154
2020-11-09,0.0163
2020-11-10,0.0169
2020-11-12,0.0163
2020-11-13,0.0164
2020-11-16,0.0164
2020-11-17,0.0163
2020-11-18,0.0163
2020-11-19,0.0162
2020-11-20,0.0161
2020-11-23,0.0162
2020-11-24,0.0165
2020-11-25,0.0167
2020-11-27,0.0167
2020-11-30,0.0168
2020-12-01,0.0172
2020-12-02,0.0176
2020-12-03,0.0178
2020-12-04,0.0183
2020-12-07,0.0184
2020-12-08,0.0184
2020-12-09,0.0184
2020-12-10,0.0183
2020-12-11,0.0182
2020-12-14,0.0184
2020-12-15,0.0186
2020-12-16,0.019
2020-12-17,0.019
2020-12-18,0.0192
2020-12-21,0.019
2020-12-22,0.0192
2020-12-23,0.0193
2020-12-24,0.0192
2020-12-28,0.0192
2020-12-29,0.019
2020-12-30,0.0192
2020-12-31,0.0195
2021-01-04,0.0198
2021-01-05,0.0201
2021-01-06,0.0204
2021-01-07,0.0209
2021-01-08,0.0207
2021-01-11,0.0204
2021-01-12,0.0206
2021-01-13,0.0204
2021-01-14,0.0209
2021-01-15,0.0209
2021-01-19,0.0212
2021-01-20,0.0215
2021-01-21,0.0218
2021-01-22,0.0216
2021-01-25,0.0215
2021-01-26,0.0215
2021-01-27,0.0215
2021-01-28,0.0218
2021-01-29,0.0221
2021-02-01,0.0218
2021-02-02,0.0223
2021-02-03,0.0227
2021-02-04,0.0225
2021-02-05,0.0228
2021-02-08,0.0231
2021-02-09,0.0231
2021-02-10,0.0231
2021-02-11,0.0232
2021-02-12,0.0235
2021-02-16,0.0237
2021-02-17,0.0235
2021-02-18,0.0229
2021-02-19,0.0229
2021-02-22,0.0235
2021-02-23,0.0235
2021-02-24,0.0238
2021-02-25,0.0234
2021-02-26,0.0239
2021-03-01,0.024
2021-03-02,0.0243
2021-03-03,0.0245
2021-03-04,0.0243
2021-03-05,0.0243
2021-03-08,0.0242
2021-03-09,0.0241
2021-03-10,0.0247
2021-03-11,0.0251
2021-03-12,0.0251
2021-03-15,0.0254
2021-03-16,0.0259
2021-03-17,0.0258
2021-03-18,0.025
2021-03-19,0.0251
2021-03-22,0.0251
2021-03-23,0.0248
2021-03-24,0.0253
2021-03-25,0.0254
2021-03-26,0.0257
2021-03-29,0.0256
2021-03-30,0.0252
2021-03-31,0.0254
2021-04-01,0.0255
2021-04-02,0.0258
2021-04-05,0.0255
2021-04-06,0.0252
2021-04-07,0.0253
2021-04-08,0.0255
2021-04-09,0.0251
2021-04-12,0.0252
2021-04-13,0.0254
2021-04-14,0.0256
2021-04-15,0.0255
2021-04-16,0.0257
2021-04-19,0.0256
2021-04-20,0.0252
2021-04-21,0.0253
2021-04-22,0.0242
2021-04-23,0.0244
2021-04-26,0.0247
2021-04-27,0.0251
2021-04-28,0.0254
2021-04-29,0.0256
2021-04-30,0.0257
2021-05-03,0.026
2021-05-04,0.0262
2021-05-05,0.0268
2021-05-06,0.0266
2021-05-07,0.0265
2021-05-10,0.0271
2021-05-11,0.0268
2021-05-12,0.0272
2021-05-13,0.0265
2021-05-14,0.0268
2021-05-17,0.0272
2021-05-18,0.0272
2021-05-19,0.0266
2021-05-20,0.0259
2021-05-21,0.0262
2021-05-24,0.0264
2021-05-25,0.0263
2021-05-26,0.026
2021-05-27,0.0259
2021-05-28,0.0257
2021-06-01,0.026
2021-06-02,0.0259
2021-06-03,0.0256
2021-06-04,0.0254
2021-06-07,0.0251
2021-06-08,0.0247
2021-06-09,0.0241
2021-06-10,0.0247
2021-06-11,0.0243
2021-06-14,0.0244
2021-06-15,0.0246
2021-06-16,0.0241
2021-06-17,0.0231
2021-06-18,0.0237
2021-06-21,0.0241
2021-06-22,0.0246
2021-06-23,0.0249
2021-06-24,0.0245
2021-06-25,0.0246
2021-06-28,0.0245
2021-06-29,0.0246
2021-06-30,0.0247
2021-07-01,0.0249
2021-07-02,0.0249
2021-07-06,0.0248
2021-07-07,0.0243
2021-07-08,0.0238
2021-07-09,0.0244
2021-07-12,0.0248
2021-07-13,0.0256
2021-07-14,0.0253
2021-07-15,0.0253
2021-07-16,0.0252
2021-07-19,0.0241
2021-07-20,0.024
2021-07-21,0.0245
2021-07-22,0.0246
2021-07-23,0.0253
2021-07-26,0.0259
2021-07-27,0.0255
2021-07-28,0.0257
2021-07-29,0.0258
2021-07-30,0.0256
2021-08-02,0.0251
2021-08-03,0.0251
2021-08-04,0.025
2021-08-05,0.0246
2021-08-06,0.025
2021-08-09,0.025
2021-08-10,0.0253
2021-08-11,0.0255
2021-08-12,0.0255
2021-08-13,0.0252
2021-08-16,0.025
2021-08-17,0.0249
2021-08-18,0.0248
2021-08-19,0.0245
2021-08-20,0.024
2021-08-23,0.0243
2021-08-24,0.0245
2021-08-25,0.0251
2021-08-26,0.025
2021-08-27,0.0253
2021-08-30,0.0251
2021-08-31,0.0248
2021-09-01,0.0248
2021-09-02,0.0247
2021-09-03,0.0248
2021-09-07,0.0251
2021-09-08,0.0253
2021-09-09,0.0255
2021-09-10,0.0255
2021-09-13,0.0253
2021-09-14,0.0249
2021-09-15,0.0251
2021-09-16,0.0253
2021-09-17,0.0251
2021-09-20,0.0243
2021-09-21,0.0244
2021-09-22,0.0241
2021-09-23,0.0248
2021-09-24,0.0247
2021-09-27,0.025
2021-09-28,0.0253
2021-09-29,0.0252
2021-09-30,0.0251
2021-10-01,0.0251
2021-10-04,0.0253
2021-10-05,0.0259
2021-10-06,0.0257
2021-10-07,0.0261
2021-10-08,0.0264
2021-10-12,0.0264
2021-10-13,0.0268
2021-10-14,0.0269
2021-10-15,0.0271
2021-10-18,0.0271
2021-10-19,0.0271
2021-10-20,0.0277
2021-10-21,0.0294
2021-10-22,0.0291
2021-10-25,0.0295
2021-10-26,0.0299
2021-10-27,0.0296
2021-10-28,0.029
2021-10-29,0.0289
2021-11-01,0.0286
2021-11-02,0.0284
2021-11-03,0.0286
2021-11-04,0.0288
2021-11-05,0.0287
2021-11-08,0.0294
2021-11-09,0.0296
2021-11-10,0.0308
2021-11-12,0.0311
2021-11-15,0.0317
2021-11-16,0.0317
2021-11-17,0.0314
2021-11-18,0.0311
2021-11-19,0.0302
2021-11-22,0.0298
2021-11-23,0.03
2021-11-24,0.0303
2021-11-26,0.0292
2021-11-29,0.0291
2021-11-30,0.028
2021-12-01,0.027
2021-12-02,0.0273
2021-12-03,0.0272
2021-12-06,0.0279
2021-12-07,0.0284
2021-12-08,0.0288
2021-12-09,0.028
2021-12-10,0.0276
2021-12-13,0.0273
2021-12-14,0.0266
2021-12-15,0.0267
